bssamt,plnprc,bidNtceNo
,117500000,R25BK00699109
,107800000,R25BK00702891
,76670000,R25BK00696313
,202860000,R25BK00692929
142191000,142193200,R25BK00691617
78400000,78721475,R25BK00686528
,,R25BK00685590
80066000,80321050,R25BK00685922
,,R25BK00675366
,,R25BK00673553
,,R25BK00675951
,,R25BK00679035
,,R25BK00665569
,50000000,R25BK00708640
,79340000,R25BK00705291
,7469000,R25BK00708949
,,R25BK00693783
39160000,38970900,R25BK00693422
70452000,70544375,R25BK00694666
,,R25BK00697683
66000000,65257525,R25BK00689567
,38298690000,R25BK00697824
,,R25BK00656723
,98000000,R25BK00709912
,4620000,R25BK00709974
,19866000,R25BK00710227
52598980,51774925,R25BK00694220
,3731790000,R25BK00710537
,,R25BK00680593
,,R25BK00676104
,,R25BK00673492
,,R25BK00673239
,,R25BK00676564
,,R25BK00682858
,,R25BK00682196
,,R25BK00656084
,,R25BK00660461
,,R25BK00659874
,21979000,R25BK00709808
,49549500,R25BK00709240
,21406000,R25BK00709865
,37400000,R25BK00707246
,,R25BK00708624
,197920000,R25BK00710647
,143996000,R25BK00708586
,48500000,R25BK00707528
,22000000,R25BK00709741
,40612000,R25BK00697526
,254800000,R25BK00709339
,,R25BK00697857
39000000,38920342.51,R25BK00696670
200000000,197162000,R25BK00687375
5380000,5391750,R25BK00696560
170000000,166884750,R25BK00686205
,,R25BK00696169
,,R25BK00694566
45000000,45074175,R25BK00691837
,400000000,R25BK00705693
,735000000,R25BK00704439
,19943000,R25BK00710483
,122500000,R25BK00705655
109912000,110528650,R25BK00687217
,,R25BK00680419
,,R25BK00685316
,,R25BK00660676
,,R25BK00659629
,,R25BK00658458
,,R25BK00661575
,21879000,R25BK00710591
,326000000,R25BK00709616
,65126800,R25BK00708060
,21991200,R25BK00710590
,19943000,R25BK00710378
36000000,35912025,R25BK00688398
37000000,37027225,R25BK00710221
,,R25BK00684151
,,R25BK00684428
,,R25BK00656127
,70000000,R25BK00711174
,4390940000,R25BK00710381
,,R25BK00684217
,,R25BK00684003
,,R25BK00680349
105290000,104734375,R25BK00676536
,,R25BK00678623
451500000,456226125,R25BK00647482
,,R25BK00672042
,,R25BK00674619
,,R25BK00648259
,,R25BK00652473
,,R25BK00650308
,,R25BK00694928
31200000,31365400,R25BK00688241
26884000,26993125,R25BK00692809
31502000,31364300,R25BK00692997
,2185400000,R25BK00705872
,1681220000,R25BK00705295
,,R25BK00660142
,,R25BK00658937
,,R25BK00669904
,,R25BK00660947
,,R25BK00660262
,,R25BK00678365
,,R25BK00677050
1460000,1463300,R25BK00685431
173850000,173105975,R25BK00690442
,,R25BK00684921
,,R25BK00694205
245000000,244443875,R25BK00684715
,,R25BK00666066
,,R25BK00678873
,,R25BK00674185
,,R25BK00677328
,,R25BK00678181
,,R25BK00680311
,,R25BK00655287
,,R25BK00679966
,,R25BK00676973
,,R25BK00648130
,,R25BK00659721
,,R25BK00656732
,,R25BK00663583
,,R25BK00646190
,,R25BK00646107
,,R25BK00660124
,,R25BK00655324
,,R25BK00660565
,,R25BK00656756
,,R25BK00638508
,,R25BK00595431
,,R25BK00605693
,147380000,R25BK00701037
,,R25BK00689606
308550000,308249975,R25BK00691354
87630000,86748475,R25BK00678850
44100000,44535425,R25BK00689999
83000000,82983250,R25BK00690658
40202700,40584175,R25BK00691935
149264180,149911650,R25BK00691832
111672000,112373050,R25BK00689749
112042000,112710650,R25BK00689806
171690000,171480575,R25BK00686741
98000000,98166400,R25BK00689424
110520000,110183250,R25BK00691600
175750000,176691625,R25BK00691138
,,R25BK00690847
,,R25BK00690915
150546000,150599125,R25BK00691530
144045000,144820400,R25BK00694532
440200341,443139825,R25BK00690820
202574000,203175700,R25BK00690419
152598230,152032500,R25BK00691768
153529000,154112850,R25BK00689854
,,R25BK00689834
121660000,122915875,R25BK00689941
466728000,468431600,R25BK00690507
148896000,148167225,R25BK00689582
,,R25BK00689891
225000000,224889225,R25BK00692113
166660000,167241275,R25BK00691001
180000000,179012250,R25BK00690575
125430800,126505775,R25BK00674526
163750000,164843875,R25BK00695618
,,R25BK00690300
150536000,149093150,R25BK00691103
216912000,214122575,R25BK00691355
65578000,66138750,R25BK00681169
148536500,149593775,R25BK00678574
1747900000,1730259400,R25BK00675315
40000,39544.1,R25BK00671606
309757660,309785600,R25BK00673948
397800000,398172025,R25BK00665431
368020000,362797850,R25BK00652225
345240000,345215025,R25BK00655740
177000000,177702300,R25BK00667928
19600000,19615575,R25BK00633409
,,R25BK00677063
,,R25BK00681495
,,R25BK00681450
,,R25BK00681453
,,R25BK00675512
,,R25BK00678807
,,R25BK00679929
509803000,508180600,R25BK00677577
,,R25BK00681488
,,R25BK00681468
,,R25BK00681486
,,R25BK00682928
,,R25BK00681491
,,R25BK00678386
,,R25BK00670162
,,R25BK00681480
,,R25BK00681479
,,R25BK00685386
,,R25BK00681443
,,R25BK00685362
84280000,83836925,R25BK00676573
,,R25BK00681483
,,R25BK00678821
,,R25BK00672181
,,R25BK00681498
,,R25BK00681475
,,R25BK00681481
,,R25BK00665592
,,R25BK00669098
,,R25BK00662537
246958200,247650350,R25BK00659781
,,R25BK00665304
,,R25BK00661583
,,R25BK00669357
,,R25BK00654276
,181920000,R25BK00712582
,203000000,R25BK00704600
,50000000,R25BK00709594
,44000000,R25BK00702033
,,R25BK00697019
,,R25BK00703964
,,R25BK00697108
39000000,38899477.51,R25BK00693058
,,R25BK00691242
,,R25BK00699436
,,R25BK00689748
29296820,28977175,R25BK00690662
,,R25BK00690288
,,R25BK00692391
60137000,59425025,R25BK00699787
14190000,14306900,R25BK00697882
,,R25BK00689367
,,R25BK00698762
98790000,98736450,R25BK00692060
43200000,43030825,R25BK00687953
,,R25BK00689708
66000000,65992625,R25BK00689388
91850000,91653725,R25BK00699974
,,R25BK00697182
71000000,72173125,R25BK00699831
51050000,51178950,R25BK00698014
48920000,49135425,R25BK00698001
42105000,42546925,R25BK00700119
,,R25BK00697780
50000000,50172375,R25BK00698194
78000000,76660975,R25BK00698327
33429000,33340025,R25BK00697139
32120000,31974625,R25BK00699618
,,R25BK00698162
75760000,76192475,R25BK00697024
37080000,37754925,R25BK00700200
66847000,66142325,R25BK00698803
45640000,45344750,R25BK00697886
45199000,45393975,R25BK00699866
62044000,61500700,R25BK00700015
,,R25BK00698663
48807000,48314825,R25BK00698917
33800000,33609350,R25BK00703487
62901000,62577125,R25BK00698256
35100000,35329925,R25BK00703417
52756000,52907600,R25BK00699108
5460000,5465475,R25BK00697829
35843000,35875225,R25BK00699160
48054000,48178050,R25BK00697544
97394000,98606850,R25BK00699854
60000000,59864700,R25BK00699579
30294000,30130750,R25BK00699594
47100000,47100750,R25BK00699572
39983000,39497175,R25BK00699623
39160000,39419175,R25BK00699779
23195700,23246325,R25BK00700256
,,R25BK00697393
50080000,50091950,R25BK00699780
52756000,52686675,R25BK00699065
60000000,60057600,R25BK00698089
59180000,59391775,R25BK00697339
35295000,35111350,R25BK00702941
35398000,34986275,R25BK00698588
58526000,58597900,R25BK00699746
21180000,21203000,R25BK00697726
50000000,49666875,R25BK00699496
,,R25BK00698227
47773000,47882450,R25BK00700048
99342000,98889550,R25BK00699591
,,R25BK00697360
,,R25BK00698628
21285000,21461450,R25BK00698424
93800000,93717525,R25BK00699980
33657250,33768725,R25BK00698292
40172000,40049625,R25BK00699030
44430000,44323525,R25BK00697012
40000000,40586300,R25BK00697039
49709000,49574550,R25BK00699549
,,R25BK00694623
32724000,32254125,R25BK00689534
14725400,14925100,R25BK00690981
,,R25BK00689669
26166000,25990800,R25BK00696953
36058000,35647600,R25BK00696385
,,R25BK00696777
31350000,31272925,R25BK00696914
46760000,46614975,R25BK00696820
,,R25BK00696951
,,R25BK00699556
30761000,30283250,R25BK00697461
78792800,77920600,R25BK00699981
,,R25BK00699209
33580000,33485425,R25BK00697761
48480000,47928975,R25BK00697867
83754000,83741100,R25BK00699912
93136000,92691100,R25BK00698971
54593000,54797500,R25BK00697689
23749000,23657250,R25BK00696932
77561000,77407875,R25BK00699754
55720000,55588400,R25BK00699655
7095000,7049475,R25BK00697594
,,R25BK00698055
23749000,23727275,R25BK00697084
70455000,70451350,R25BK00698857
63420000,63799950,R25BK00699031
31130000,30953250,R25BK00697883
80000000,79034800,R25BK00699357
87910000,87570050,R25BK00697552
62480000,62647650,R25BK00699950
25600000,25562525,R25BK00698474
26000000,25834800,R25BK00698616
83754000,85285700,R25BK00699933
26488000,26361250,R25BK00698548
,,R25BK00697896
,,R25BK00699298
,,R25BK00697289
102050000,101903625,R25BK00699517
82000000,81423775,R25BK00698179
,,R25BK00697810
,,R25BK00699648
,,R25BK00697984
43490000,43454275,R25BK00697604
18234000,18286125,R25BK00698509
56639000,56332800,R25BK00698759
,,R25BK00699521
,,R25BK00702802
63636364,64018400,R25BK00699614
43246000,43688800,R25BK00699210
43200000,42812975,R25BK00696499
28470000,28553325,R25BK00696958
71060000,70286050,R25BK00696455
14520000,14516600,R25BK00696945
63000000,62435250,R25BK00695555
,,R25BK00693663
16100000,15917600,R25BK00696477
24170000,23826875,R25BK00699612
50211000,50291900,R25BK00684358
38799000,38576225,R25BK00695769
70282000,70042375,R25BK00693460
,,R25BK00694005
95200000,95737475,R25BK00680108
,,R25BK00696584
45838000,45610825,R25BK00698088
50820000,50513600,R25BK00686283
283920,278086.16,R25BK00691249
27086400,27071500,R25BK00695987
61561500,61356825,R25BK00696558
18250000,18486100,R25BK00696782
97984000,97483350,R25BK00696753
41340000,41313775,R25BK00693123
58070000,58466800,R25BK00696639
96756000,97568325,R25BK00696512
37000030,36609375,R25BK00694733
46310000,46073625,R25BK00695262
79562700,79361275,R25BK00696700
,,R25BK00694290
8880000,8935875,R25BK00694677
,,R25BK00694320
42000000,41667500,R25BK00693814
284570,281331.6,R25BK00690965
109000000,108933300,R25BK00695234
22920000,22662650,R25BK00694899
,,R25BK00696992
99343000,99870550,R25BK00696189
56000000,55880200,R25BK00697015
70668720,71160800,R25BK00696971
58355000,58900800,R25BK00691413
63860000,63686825,R25BK00696955
284730,285420.48,R25BK00690393
284570,283362.01,R25BK00690896
49852000,49541600,R25BK00696476
29900000,30086150,R25BK00696073
81810000,81652125,R25BK00696344
50000000,49861125,R25BK00695767
,,R25BK00691299
21396600,21491475,R25BK00694157
26367500,26227225,R25BK00672286
10080000,10098150,R25BK00694781
68238000,68287200,R25BK00694759
80940000,81150925,R25BK00696556
,,R25BK00644033
,131270000,R25BK00700050
,702900000,R25BK00702569
,871600000,R25BK00702779
,393200000,R25BK00704681
,,R25BK00659867
,20867000,R25BK00711251
,,R25BK00685313
,109000000,R25BK00704714
,,R25BK00689343
,4615710000,R25BK00698462
,147750000,R25BK00705731
,117650000,R25BK00706574
,108130000,R25BK00707795
,244900000,R25BK00697557
,297000000,R25BK00706208
,215900000,R25BK00701852
,172872000,R25BK00691078
61137600,60879650,R25BK00690434
,,R25BK00693911
,,R25BK00691656
,,R25BK00694219
,,R25BK00693831
,,R25BK00695010
,,R25BK00681795
,,R25BK00680441
,,R25BK00659232
,,R25BK00667024
,,R25BK00647214
,,R25BK00649157
,,R25BK00645031
,22000000,R25BK00711441
,50919000,R25BK00712907
,100000000,R25BK00712217
,3480000,R25BK00712613
,17019000,R25BK00712884
,39200000,R25BK00710482
,72000000,R25BK00707428
,16688000,R25BK00712844
,70000000,R25BK00707352
,25869000,R25BK00707052
,788000000,R25BK00708002
,680635000,R25BK00710531
,288605000,R25BK00710566
,21560000,R25BK00709102
,22000000,R25BK00710330
,97900000,R25BK00710693
77000000,77329025,R25BK00699090
80817000,79929275,R25BK00695913
15224290,15273250,R25BK00699829
60448212,60454150,R25BK00685965
,144100000,R25BK00706631
,1942752000,R25BK00703539
,50000000,R25BK00712505
260900000,258916550,R25BK00687683
193000000,192279175,R25BK00687778
282200000,281916425,R25BK00687558
,195561264,R25BK00711731
,157280000,R25BK00711749
,65660000,R25BK00708581
,5376970,R25BK00706323
,166600000,R25BK00708714
,225400000,R25BK00697814
,10308540000,R25BK00700895
137840000,136782100,R25BK00698028
173200000,171309125,R25BK00688760
90911000,90337850,R25BK00686798
237600000,236767850,R25BK00691128
115500000,116289475,R25BK00686125
138248000,137964300,R25BK00688855
855500000,849342625,R25BK00691002
153938000,151754050,R25BK00688830
528000000,530088275,R25BK00692544
33150000,33139850,R25BK00681152
79600000,78902375,R25BK00669253
,,R25BK00680500
,,R25BK00682382
,,R25BK00682801
,19910000,R25BK00713266
,21000000,R25BK00712413
,21912000,R25BK00712378
,627572000,R25BK00712326
,80000000,R25BK00708783
,940000000,R25BK00710312
,31700000,R25BK00703138
,21450000,R25BK00710016
,205062000,R25BK00710969
,392000000,R25BK00705280
,7820600,R25BK00702000
,11484000,R25BK00708475
,49500000,R25BK00709860
,9600000,R25BK00708541
,160000000,R25BK00707540
45710000,45768775,R25BK00681250
32597000,32696375,R25BK00685257
44355000,44224675,R25BK00704992
1155000,1158739.32,R25BK00699468
,,R25BK00695750
23150000,23235000,R25BK00696690
,,R25BK00696973
71100000,70857250,R25BK00696000
30000000,30120675,R25BK00697548
53180000,53657325,R25BK00700066
49310000,49533925,R25BK00692360
54735000,54516525,R25BK00695820
31115000,31065650,R25BK00696019
34450000,34401125,R25BK00692350
37060000,36962850,R25BK00690277
97579000,97654175,R25BK00694726
149827000,148080391.76,R25BK00687467
,,R25BK00676605
,,R25BK00667685
109814000,110019925,R25BK00658893
139298000,139583975,R25BK00640730
,,R25BK00673451
,,R25BK00677930
,,R25BK00681474
,,R25BK00681494
,,R25BK00681441
,,R25BK00676753
,,R25BK00673776
,,R25BK00647012
,30500,R25BK00668171
,,R25BK00697530
50000000,50266750,R25BK00700211
,6000000,R25BK00712458
168700000,169352900,R25BK00687382
,,R25BK00649118
,169200000,R25BK00711133
,124600000,R25BK00703500
37000000,36707575,R25BK00682074
188035000,186122275,R25BK00691255
,,R25BK00695651
38511000,38436150,R25BK00682983
162027000,162703100,R25BK00691941
269277800,270177250,R25BK00669251
,,R25BK00676797
52000000,51650750,R25BK00689113
,,R25BK00676285
,,R25BK00681808
,,R25BK00676190
,,R25BK00672045
,,R25BK00675471
,,R25BK00681992
,,R25BK00665150
,,R25BK00639352
,26405000,R25BK00713154
,88200000,R25BK00712430
,10000000,R25BK00711588
,,R25BK00712936
,10000000,R25BK00711923
,156120175,R25BK00711987
,30336000,R25BK00710308
302500,302923.51,R25BK00694520
99419540,99419100,R25BK00699820
99419540,99277400,R25BK00699765
,,R25BK00698459
76379000,74964725,R25BK00698106
,,R25BK00698272
25770000,25984025,R25BK00700170
99864000,100114975,R25BK00689872
22981000,23077700,R25BK00697363
99419540,99686550,R25BK00699807
99419540,98863100,R25BK00699788
29947820,29875600,R25BK00698821
14550000,14541325,R25BK00694576
93016000,91780325,R25BK00691773
26697000,26583250,R25BK00694952
,,R25BK00691086
,8358000,R25BK00712084
,29400000,R25BK00712420
,20000000,R25BK00713841
,,R25BK00677551
,,R25BK00674921
,146900000,R25BK00704780
,472000000,R25BK00703592
,216810000,R25BK00704543
,384200000,R25BK00673890
214755200,212031625,R25BK00688966
,,R25BK00684476
,,R25BK00674514
40000000,39921400,R25BK00660222
,,R25BK00666483
,53500000,R25BK00711429
,20000000,R25BK00713822
,20000000,R25BK00712882
,1518000,R25BK00712971
,37629400,R25BK00713317
,50000000,R25BK00710702
,50000000,R25BK00710145
,12400000,R25BK00710668
27900000,27927132.76,R25BK00696986
,,R25BK00696917
,,R25BK00696587
48840000,48481325,R25BK00703474
26516000,26389075,R25BK00698054
65780000,65726450,R25BK00701276
39920000,39730525,R25BK00700940
14850000,14890775,R25BK00671495
,,R25BK00698157
25000000,24796200,R25BK00697029
70158000,69377525,R25BK00696071
90200000,91057175,R25BK00696070
374000,373368.88,R25BK00695962
,2659500000,R25BK00704837
,84000000,R25BK00713199
,15631330,R25BK00714212
,4364310,R25BK00713016
,,R25BK00693836
,,R25BK00673564
,,R25BK00682963
,,R25BK00654025
,,R25BK00677803
,,R25BK00680520
,,R25BK00680223
99512000,98249750,R25BK00672909
,,R25BK00663794
,,R25BK00664070
,,R25BK00664063
,,R25BK00654563
,,R25BK00660788
,70000000,R25BK00714355
,2568000,R25BK00714628
,88000000,R25BK00711154
80000000,80681600,R25BK00697669
20660940,20629475,R25BK00695707
93563800,94163625,R25BK00706697
,20000000,R25BK00714749
,,R25BK00679007
,,R25BK00682534
,60500000,R25BK00699705
,,R25BK00680039
,,R25BK00681836
,,R25BK00680862
,,R25BK00672370
,,R25BK00678270
,,R25BK00684130
,,R25BK00680960
,,R25BK00681930
,,R25BK00666033
,,R25BK00638405
,,R25BK00664488
,157704000,R25BK00713792
,3004334,R25BK00713901
,206017110,R25BK00712139
,8560800,R25BK00705959
,,R25BK00698991
,38000000,R25BK00709053
,,R25BK00695414
,,R25BK00684673
,,R25BK00681969
,,R25BK00685205
,,R25BK00684148
7000,6946.38,R25BK00697452
109569880,109636500,R25BK00680453
200696000,199141150,R25BK00658694
179900000,179627500,R25BK00645148
,,R25BK00674632
,,R25BK00686339
,,R25BK00702916
,,R25BK00686533
,2012696,R25BK00712508
,,R25BK00693263
,,R25BK00682344
,,R25BK00689559
,,R25BK00656254
,,R25BK00689135
434440,434545.36,R25BK00700003
,,R25BK00702898
220970000,220497200,R25BK00704028
22627000,22605425,R25BK00698839
316562400,315821700,R25BK00697033
,,R25BK00704072
252000000,254329125,R25BK00697279
100000000,99978000,R25BK00702242
166910000,166498625,R25BK00704004
176370000,175982475,R25BK00703960
129499000,129279850,R25BK00700876
83000000,82514700,R25BK00699057
304222760,304583325,R25BK00703041
155111000,153673925,R25BK00698538
118680000,119603400,R25BK00700252
199100000,199409650,R25BK00700152
94028000,94110300,R25BK00699072
86097000,87392575,R25BK00697696
252000000,251219475,R25BK00696734
125000,123801.88,R25BK00700228
254827000,253672050,R25BK00702286
57420000,57117150,R25BK00699657
1534732320,1537821025,R25BK00699509
,,R25BK00702696
,,R25BK00700997
252000000,251497950,R25BK00697290
350838000,348447975,R25BK00702284
184976000,185537425,R25BK00694259
158620000,159242625,R25BK00696208
44000000,43682350,R25BK00696553
188034000,187875200,R25BK00692660
83434000,83163725,R25BK00692874
297000,296257.5,R25BK00695977
66185900,66395925,R25BK00697056
81224000,79215975,R25BK00697028
245420000,245257475,R25BK00703972
363700000,367568000,R25BK00703646
120281000,119274275,R25BK00697743
197820000,198242900,R25BK00703952
28732000,28635225,R25BK00699020
207399710,206789500,R25BK00701326
179300000,180680650,R25BK00700143
145788000,146221025,R25BK00699652
366200000,366537875,R25BK00703876
104588000,104118700,R25BK00698727
,,R25BK00703045
243000000,242811725,R25BK00697283
154390000,152979300,R25BK00699235
127948000,127560350,R25BK00703566
1715000,1718490.03,R25BK00700378
58549000,58193200,R25BK00701840
,,R25BK00698787
484616000,484662100,R25BK00703917
270000000,268865325,R25BK00697976
170500,171178.17,R25BK00700401
60450500,59847425,R25BK00701615
120000000,119582400,R25BK00695115
478057000,471314050,R25BK00695296
234000000,234969400,R25BK00696240
83720000,83438125,R25BK00685394
,,R25BK00695324
238000000,237180125,R25BK00696341
,,R25BK00696155
37600000,37597775,R25BK00695842
28292000,28249525,R25BK00695844
645117000,641836650,R25BK00694756
205456000,208509650,R25BK00688336
150000000,147645000,R25BK00694920
82581070,82523300,R25BK00690576
247000000,248359175,R25BK00696280
251000000,251215925,R25BK00697272
58600000,58604175,R25BK00694237
86000000,86172250,R25BK00696281
164700000,163197575,R25BK00693087
507512000,509737475,R25BK00694557
511598000,510196250,R25BK00693693
,,R25BK00688897
50000000,49907000,R25BK00694336
147559000,148223400,R25BK00663556
,,R25BK00681632
97000000,96313050,R25BK00684456
,,R25BK00691408
,,R25BK00682263
,,R25BK00686852
,,R25BK00683409
,,R25BK00682020
,,R25BK00691779
,,R25BK00681611
,,R25BK00687058
,,R25BK00685341
,,R25BK00676813
,,R25BK00684784
,,R25BK00691117
,,R25BK00683375
,,R25BK00688208
,,R25BK00681619
,,R25BK00691287
,,R25BK00686394
,,R25BK00692175
,,R25BK00692019
,,R25BK00687534
,,R25BK00686227
,,R25BK00691220
,,R25BK00682283
,,R25BK00687248
,,R25BK00682300
,,R25BK00684949
,,R25BK00682838
,,R25BK00688876
,,R25BK00692004
,,R25BK00687771
,,R25BK00688453
,,R25BK00688771
,,R25BK00684751
,,R25BK00683381
,,R25BK00687310
,,R25BK00691676
,,R25BK00684524
,,R25BK00688848
120000000,120665400,R25BK00682225
,,R25BK00682433
,,R25BK00690928
,,R25BK00687578
,,R25BK00688053
,,R25BK00687493
,,R25BK00682443
,,R25BK00690762
,,R25BK00692359
,,R25BK00686960
,,R25BK00683594
,,R25BK00688873
,,R25BK00682767
,,R25BK00686416
,,R25BK00688939
,,R25BK00687827
,,R25BK00685955
40000000,40178900,R25BK00690082
,,R25BK00682853
,,R25BK00690107
,,R25BK00684461
,,R25BK00687457
,,R25BK00687492
,,R25BK00687761
,,R25BK00691319
,,R25BK00684074
,,R25BK00688267
,,R25BK00686907
,,R25BK00686666
,,R25BK00671220
,,R25BK00682209
,,R25BK00684057
,,R25BK00681962
,,R25BK00688991
,,R25BK00683014
,,R25BK00689652
,,R25BK00689230
,,R25BK00683255
,,R25BK00676621
,,R25BK00682070
,,R25BK00688802
,,R25BK00688017
,,R25BK00688571
76546000,76613625,R25BK00690827
,,R25BK00692235
,,R25BK00688468
,,R25BK00692511
,,R25BK00690761
,,R25BK00682295
,,R25BK00691111
,,R25BK00687424
,,R25BK00683456
,,R25BK00685277
,,R25BK00684406
,,R25BK00687399
,,R25BK00690224
,,R25BK00678163
,,R25BK00670144
,,R25BK00681176
,,R25BK00678704
,,R25BK00683673
,,R25BK00677421
,,R25BK00681638
,,R25BK00692012
,,R25BK00692345
,,R25BK00692501
,,R25BK00601569
,,R25BK00682043
,,R25BK00680569
,225000000,R25BK00687318
,,R25BK00687769
,,R25BK00682006
,,R25BK00687091
,,R25BK00682260
,,R25BK00690397
,,R25BK00681922
,,R25BK00691154
,,R25BK00680495
,,R25BK00683413
,,R25BK00692315
,,R25BK00679659
,,R25BK00684387
,,R25BK00687233
,,R25BK00684503
,,R25BK00684811
,,R25BK00692205
,,R25BK00683132
,,R25BK00680581
,,R25BK00686787
,,R25BK00687596
,,R25BK00682229
,,R25BK00687315
,,R25BK00683525
,,R25BK00689568
,,R25BK00687505
,,R25BK00690007
,,R25BK00682319
,,R25BK00687366
,,R25BK00687836
,,R25BK00670786
,,R25BK00692116
,,R25BK00688167
,,R25BK00682373
,,R25BK00687336
,,R25BK00682656
,,R25BK00687280
,,R25BK00689079
,,R25BK00687853
,,R25BK00681699
,,R25BK00689158
,,R25BK00684497
,,R25BK00681631
,,R25BK00687255
,,R25BK00682208
,,R25BK00687205
,,R25BK00687562
,,R25BK00682694
,,R25BK00687785
,,R25BK00682223
,,R25BK00687474
,,R25BK00691227
,,R25BK00688690
,,R25BK00682418
,,R25BK00682118
,,R25BK00682191
,,R25BK00676648
,,R25BK00666514
,,R25BK00666734
,,R25BK00658281
,,R25BK00647065
,,R25BK00648097
,,R25BK00664622
,,R25BK00683047
,,R25BK00610646
,,R25BK00648884
,,R25BK00614224
,,R25BK00631742
,,R25BK00682116
,,R25BK00682120
,48240000,R25BK00712826
,16990000,R25BK00708964
,52500000,R25BK00710469
,,R25BK00703408
37981440,37811568.02,R25BK00701517
,,R25BK00703361
,,R25BK00700065
,,R25BK00700737
,,R25BK00706757
,,R25BK00707377
53241000,52705300,R25BK00702871
115390000,116213650,R25BK00701280
55266000,55356950,R25BK00703536
137280000,136422400,R25BK00701171
,,R25BK00697912
6000000,5953175,R25BK00698709
92362000,90539275,R25BK00696846
342000,337823.33,R25BK00693811
,,R25BK00687849
,,R25BK00692808
41183218,40601875,R25BK00700987
32131000,32072150,R25BK00702453
64438000,64993175,R25BK00701116
91000000,91297825,R25BK00702759
92961000,93631750,R25BK00702432
42606660,42246150,R25BK00698165
52668000,51905175,R25BK00700546
68740000,68315575,R25BK00703258
56000000,55880750,R25BK00702978
6204000,6270875,R25BK00698956
,,R25BK00697939
41028000,40572125,R25BK00700898
89342000,90174500,R25BK00700041
52000000,52156300,R25BK00702861
46640000,46637600,R25BK00701601
,,R25BK00703068
41090000,40879050,R25BK00701024
,,R25BK00702612
38364000,38431675,R25BK00702025
51937000,52233500,R25BK00703422
40400000,40353275,R25BK00700786
,,R25BK00698304
42060000,41800225,R25BK00700436
,,R25BK00700873
46453000,46021725,R25BK00706786
11900000,12049950,R25BK00701845
,,R25BK00701512
102980000,102294975,R25BK00704063
37000000,36922425,R25BK00703047
33379000,33697125,R25BK00700942
36691000,36559450,R25BK00701969
14861000,14818025,R25BK00696967
,,R25BK00702189
,,R25BK00701277
31710000,32259650,R25BK00702671
,,R25BK00706265
38830000,38844700,R25BK00700905
54933000,54593700,R25BK00701780
31035000,30764750,R25BK00701323
46750470,46761825,R25BK00702508
,,R25BK00707583
28490000,28529625,R25BK00701579
59890000,59920125,R25BK00702181
9200000,9128875,R25BK00702739
92246000,92345200,R25BK00696814
40000000,39789600,R25BK00695751
,,R25BK00696719
94980000,94815225,R25BK00702250
,,R25BK00700974
79838000,79867175,R25BK00704154
31670000,31383125,R25BK00703182
,,R25BK00701934
,,R25BK00706714
174900,175161.05,R25BK00699175
,,R25BK00701928
48037000,48020925,R25BK00703116
43930000,43858875,R25BK00701968
23000000,23042200,R25BK00701081
49489000,49806400,R25BK00703694
85360000,85883300,R25BK00700309
37931400,38012350,R25BK00698550
87471000,86778500,R25BK00697607
62000000,61838075,R25BK00699252
21700000,21350250,R25BK00700702
50000000,49265375,R25BK00703033
,,R25BK00698000
30903000,30554875,R25BK00702506
73000000,73291150,R25BK00702787
39600000,39141175,R25BK00702864
32340000,32479350,R25BK00698320
55400000,55199375,R25BK00702454
42100000,41921750,R25BK00706814
40000000,40159100,R25BK00702785
29200000,29006750,R25BK00702732
,,R25BK00701771
110000000,109156850,R25BK00702948
88000000,87542200,R25BK00702222
90145000,90175475,R25BK00701516
53000000,52907175,R25BK00702811
57728000,56958825,R25BK00703934
51590000,51591225,R25BK00705958
19800000,19644700,R25BK00701491
,,R25BK00699835
27974960,28047600,R25BK00692281
55455000,55408600,R25BK00695642
31440480,31548775,R25BK00696722
47698000,47906225,R25BK00692084
109700000,109641100,R25BK00693121
25660000,25208700,R25BK00700735
,20000000,R25BK00714265
,39980000,R25BK00713258
,411200000,R25BK00708772
,319300000,R25BK00708665
,196000000,R25BK00710394
163800000,161853300,R25BK00699156
,,R25BK00682855
,,R25BK00668715
,,R25BK00688451
,,R25BK00690313
,,R25BK00691003
,,R25BK00689034
60000000,60247650,R25BK00687297
,,R25BK00691645
,,R25BK00687646
,,R25BK00690190
,,R25BK00683539
,,R25BK00682982
,,R25BK00684121
,,R25BK00689417
,,R25BK00690292
,,R25BK00683298
,,R25BK00682861
,,R25BK00682249
349741000,350628525,R25BK00680781
,,R25BK00685007
,,R25BK00669756
,,R25BK00683502
,,R25BK00681758
,,R25BK00680391
,,R25BK00686537
,,R25BK00684060
,,R25BK00683585
,,R25BK00686444
,,R25BK00682467
,,R25BK00665893
,,R25BK00663872
,,R25BK00663890
,,R25BK00663851
,,R25BK00666466
,,R25BK00666386
,,R25BK00609763
,1356300000,R25BK00715271
,21890000,R25BK00716623
,48000000,R25BK00713705
,30000000,R25BK00711252
,198126500,R25BK00713779
,49000000,R25BK00715326
,9124500,R25BK00715556
,102807000,R25BK00715077
,1118700000,R25BK00715299
,,R25BK00701589
28875000,28872250,R25BK00696434
,20000000,R25BK00714517
,2219000000,R25BK00713988
,125000,R25BK00708557
56980000,56752600,R25BK00692548
,,R25BK00700697
1562000000,1559664850,R25BK00692747
25200000,25089675,R25BK00681682
73840000,73591400,R25BK00683561
60600000,61123175,R25BK00681791
,,R25BK00688967
,,R25BK00682478
,,R25BK00685474
,,R25BK00682355
,,R25BK00682792
,,R25BK00687274
,,R25BK00686809
,,R25BK00683049
,,R25BK00682091
,,R25BK00681587
,,R25BK00688969
,,R25BK00682490
482960000,477917950,R25BK00654926
,5443680,R25BK00712555
,47000000,R25BK00712850
,19150000,R25BK00715173
,46600000,R25BK00713750
,40000000,R25BK00710433
,30570200,R25BK00698746
,,R25BK00699119
,,R25BK00696356
,,R25BK00702607
50000000,49497000,R25BK00704431
34261200,33950750,R25BK00697788
27390000,27337925,R25BK00701786
108420000,107977675,R25BK00702976
41785000,41757900,R25BK00703534
33489000,33544775,R25BK00702063
108420000,108742600,R25BK00703034
206000,205691,R25BK00703711
1260,1265.59,R25BK00692562
4070000,4091100,R25BK00694458
,,R25BK00666369
,,R25BK00666284
,,R25BK00699096
,,R25BK00689315
,,R25BK00670853
,,R25BK00676558
,,R25BK00665705
,,R25BK00639379
,28440000,R25BK00694343
30900000,30762150,R25BK00702790
73283000,72656475,R25BK00703267
99200000,98462475,R25BK00702096
,299815000,R25BK00709440
5400000,5437375,R25BK00694551
10846000,10729575,R25BK00694624
279466000,279739950,R25BK00700190
378082080,380272150,R25BK00702272
80557720,81320825,R25BK00692868
105820000,105802850,R25BK00689666
,,R25BK00686956
83963000,83901325,R25BK00690875
,,R25BK00690028
81486480,80632775,R25BK00687332
,,R25BK00680978
,,R25BK00689211
,,R25BK00683889
,,R25BK00681739
,,R25BK00698624
,,R25BK00689002
,,R25BK00693240
,,R25BK00687142
,,R25BK00698785
,,R25BK00687876
,,R25BK00687541
,,R25BK00682827
,,R25BK00694414
,,R25BK00683858
,,R25BK00690137
,,R25BK00690864
,,R25BK00691528
,,R25BK00681885
,,R25BK00688472
,,R25BK00683749
,,R25BK00687077
,,R25BK00684307
,,R25BK00694506
,,R25BK00683574
,,R25BK00691562
,,R25BK00694240
,,R25BK00694376
,,R25BK00683886
,,R25BK00694461
,,R25BK00686334
,,R25BK00666642
,49985000,R25BK00717388
,100000000,R25BK00707078
,,R25BK00717003
,50000000,R25BK00717584
,6986000,R25BK00714586
,12476000,R25BK00714574
,55000000,R25BK00717139
,28710000,R25BK00713858
124934000,125174225,R25BK00703776
126548000,124018650,R25BK00703793
123617000,122875675,R25BK00703753
119081000,119909825,R25BK00703784
77275000,77839950,R25BK00701594
71181000,71016975,R25BK00700199
10900000,10863725,R25BK00702577
79310000,78772150,R25BK00705699
1153200,1148538.2,R25BK00701267
78265000,77882150,R25BK00700449
48048000,48153500,R25BK00701873
101181330,100768575,R25BK00696522
,496000000,R25BK00713556
,422690000,R25BK00713551
,,R25BK00683783
,409500000,R25BK00715151
,15901920,R25BK00715854
85734000,86394625,R25BK00701951
,21612839,R25BK00718625
,307600000,R25BK00713544
,294900000,R25BK00706484
310725000,308752725,R25BK00693046
,,R25BK00696726
,,R25BK00685490
1203015000,1211439150,R25BK00686165
,,R25BK00701667
,,R25BK00681593
,,R25BK00687547
,,R25BK00681879
,,R25BK00671579
,,R25BK00684816
,,R25BK00681683
,,R25BK00684437
,,R25BK00675507
,,R25BK00681949
,,R25BK00689963
,,R25BK00694779
,,R25BK00614648
,19750000,R25BK00717772
,49000000,R25BK00714996
,60000000,R25BK00715156
,46150000,R25BK00717070
,21945000,R25BK00715464
,357502000,R25BK00716066
,266000000,R25BK00718065
,692106525,R25BK00714827
,8206000,R25BK00718403
,95000000,R25BK00713212
,32287400,R25BK00714523
,742000000,R25BK00714001
60000000,60294900,R25BK00700272
,,R25BK00684447
40800000,40874868.01,R25BK00698342
,,R25BK00700853
30000000,30098550,R25BK00693856
,,R25BK00687339
,,R25BK00688511
,,R25BK00667210
,,R25BK00707868
,79200000,R25BK00703057
,,R25BK00687112
,,R25BK00682049
,,R25BK00691537
,,R25BK00685753
,,R25BK00676411
,,R25BK00684608
,,R25BK00682077
,,R25BK00689739
,,R25BK00686684
,,R25BK00672347
,,R25BK00680483
,,R25BK00685339
,,R25BK00676551
,,R25BK00687609
,,R25BK00683777
,,R25BK00685135
,,R25BK00674914
,,R25BK00689605
,,R25BK00682376
,,R25BK00684756
,,R25BK00685174
,,R25BK00646216
,,R25BK00667119
,,R25BK00665363
,,R25BK00654793
,,R25BK00657260
,,R25BK00663724
,,R25BK00644726
,2687000000,R25BK00717955
,150000000,R25BK00714511
,76230005,R25BK00717258
,17420000,R25BK00711575
,49500006,R25BK00717110
37720000,37912625,R25BK00702549
75000000,75058350,R25BK00703346
,59000000,R25BK00717826
,950400003,R25BK00717563
,793980000,R25BK00701582
24880000,24780100,R25BK00699243
,,R25BK00695374
,,R25BK00695030
,,R25BK00695403
,,R25BK00707122
,,R25BK00681366
,,R25BK00689665
,,R25BK00680805
,,R25BK00695456
,,R25BK00695337
,,R25BK00706957
,,R25BK00706955
,,R25BK00707008
,,R25BK00685018
,,R25BK00689968
,,R25BK00685820
,,R25BK00685101
,,R25BK00682992
,,R25BK00690775
,,R25BK00682702
,,R25BK00685226
,,R25BK00685267
,,R25BK00690757
,,R25BK00690682
,,R25BK00687669
,,R25BK00665929
,,R25BK00660442
,,R25BK00658704
,,R25BK00669430
,,R25BK00666046
,,R25BK00667273
,,R25BK00636818
,9020000,R25BK00718008
,12008700,R25BK00718396
,54736000,R25BK00718600
,53570000,R25BK00718512
,19954000,R25BK00719514
,560340000,R25BK00717336
,48800000,R25BK00717902
,99900000,R25BK00710752
,11550000,R25BK00705272
,396000004,R25BK00717399
40800000,40574784.01,R25BK00698799
39550000,39651100,R25BK00700266
59994000,59758575,R25BK00703111
,,R25BK00684920
,,R25BK00686287
,,R25BK00686314
,,R25BK00687768
,,R25BK00685344
,,R25BK00687495
,,R25BK00684655
,,R25BK00686231
,,R25BK00686320
,4400000,R25BK00718884
,198000000,R25BK00717490
,,R25BK00681362
,,R25BK00689059
,,R25BK00689309
,,R25BK00683774
,,R25BK00681014
,,R25BK00663555
,,R25BK00680935
,,R25BK00696674
170673000,170799800,R25BK00700202
123143000,123192000,R25BK00700185
,,R25BK00700208
,,R25BK00697841
,50000000,R25BK00692591
,,R25BK00689010
,,R25BK00655231
,,R25BK00692522
,,R25BK00699792
,,R25BK00685766
,,R25BK00653960
,,R25BK00680436
,,R25BK00683812
,,R25BK00665534
,,R25BK00666558
,,R25BK00667809
,,R25BK00674112
,,R25BK00689394
,,R25BK00686870
,,R25BK00668560
,,R25BK00683494
93900000,94204275,R25BK00697646
104200000,104991450,R25BK00697706
123000000,123248500,R25BK00683949
435300000,432073400,R25BK00692131
319872000,318977200,R25BK00680272
156770000,156570950,R25BK00689262
,,R25BK00694531
,,R25BK00682198
,,R25BK00677469
,,R25BK00687644
,,R25BK00673244
,,R25BK00690759
,,R25BK00682348
,,R25BK00675392
,,R25BK00680030
,,R25BK00687611
,,R25BK00684124
,,R25BK00681144
,,R25BK00686492
,,R25BK00685693
,,R25BK00678356
,,R25BK00682299
,,R25BK00681101
,,R25BK00690626
,,R25BK00678305
,,R25BK00681255
,,R25BK00687021
,,R25BK00680988
,,R25BK00680363
,,R25BK00681132
,,R25BK00681213
,,R25BK00674521
,,R25BK00674951
,,R25BK00690222
,,R25BK00685866
,,R25BK00687559
,,R25BK00687870
,,R25BK00693300
,,R25BK00690340
,,R25BK00680105
,,R25BK00673413
,,R25BK00685456
,,R25BK00681656
,,R25BK00682980
,,R25BK00692518
,,R25BK00687694
,,R25BK00693092
,,R25BK00669893
,,R25BK00686141
,,R25BK00686558
,,R25BK00680967
,,R25BK00641091
,,R25BK00682472
,,R25BK00688805
,,R25BK00671860
,,R25BK00675483
,,R25BK00693193
,,R25BK00667296
,,R25BK00662851
,,R25BK00664248
,,R25BK00658030
,,R25BK00661591
,,R25BK00660406
,,R25BK00658980
,,R25BK00655450
,,R25BK00665526
,,R25BK00659477
,,R25BK00662878
,,R25BK00666218
,,R25BK00642975
,,R25BK00618593
,,R25BK00655396
,,R25BK00655203
,,R25BK00649136
,,R25BK00661534
,,R25BK00658848
,,R25BK00655291
,,R25BK00653906
,,R25BK00655426
,,R25BK00663120
,,R25BK00666462
,,R25BK00661901
,,R25BK00662196
,,R25BK00596425
,,R25BK00639849
,,R25BK00636923
,,R25BK00604272
,2438810000,R25BK00712855
,295450000,R25BK00712937
112596000,112012550,R25BK00702230
115764000,115695775,R25BK00699041
166419000,166256375,R25BK00699782
315425000,316982475,R25BK00706827
127851850,127899525,R25BK00697404
339287000,340548350,R25BK00702059
150000000,151611375,R25BK00699158
475200000,472389250,R25BK00705019
489630000,483203650,R25BK00704407
,,R25BK00699237
336000000,341320600,R25BK00707433
202400,202970.27,R25BK00703557
86440000,86328325,R25BK00697537
434200000,435668750,R25BK00701086
213621000,212964700,R25BK00707175
32392150,32043825,R25BK00703386
360151000,359686450,R25BK00698447
110400000,110323025,R25BK00701612
,,R25BK00704562
,,R25BK00704408
,,R25BK00698986
164506000,165581075,R25BK00697996
,,R25BK00707238
485010000,480470325,R25BK00704715
,,R25BK00698463
33000000,32915400,R25BK00703676
115764000,116390025,R25BK00698827
492806000,496828575,R25BK00704853
135125000,135703725,R25BK00691386
476584000,476018100,R25BK00706904
250000000,251520000,R25BK00702589
119141000,117987750,R25BK00698675
111330000,110492850,R25BK00699246
136220000,135181350,R25BK00707571
80988000,81285475,R25BK00700087
498931000,494798650,R25BK00704795
172206000,173151475,R25BK00696623
143407000,142646600,R25BK00700971
,,R25BK00705000
13200000,13270525,R25BK00698500
153420000,154000750,R25BK00699896
494388000,493644000,R25BK00704461
164506000,165806475,R25BK00697903
122270000,121032975,R25BK00703958
952148000,948889325,R25BK00707069
981185920,982557175,R25BK00698257
622182000,625409625,R25BK00698767
59464812,59372550,R25BK00702378
159346000,158911050,R25BK00707937
121940030,121485525,R25BK00700696
,,R25BK00703190
167310000,166193225,R25BK00703473
297900000,298473500,R25BK00700636
98549000,98804275,R25BK00707404
,,R25BK00696679
233771000,234810750,R25BK00696309
2055990,2054268.12,R25BK00696255
229009000,229331975,R25BK00695587
72000000,71662925,R25BK00696432
180000000,179036100,R25BK00692648
900000000,902414250,R25BK00696848
43220000,42963650,R25BK00695164
67091640,67004150,R25BK00693525
,,R25BK00688497
16159580,16191818.37,R25BK00696699
,,R25BK00694720
,,R25BK00696542
38611123,38914050,R25BK00686497
1520500000,1537898375,R25BK00698108
,,R25BK00702940
,,R25BK00699091
42058000,42249325,R25BK00686578
468725700,473846575,R25BK00670791
69206000,68793600,R25BK00689240
100000000,99054500,R25BK00687352
43000000,43565925,R25BK00689814
,,R25BK00689869
60306000,60600800,R25BK00665753
,,R25BK00701177
,,R25BK00700249
,,R25BK00691258
,,R25BK00684201
,,R25BK00681868
,,R25BK00686524
,,R25BK00693253
,,R25BK00691881
,,R25BK00681292
,,R25BK00694675
,,R25BK00688363
,,R25BK00689377
,,R25BK00693990
,,R25BK00692792
,,R25BK00686614
,,R25BK00692559
,,R25BK00689515
,,R25BK00685471
,,R25BK00683646
,,R25BK00681956
,,R25BK00693910
48920500,48541425,R25BK00694535
,,R25BK00692331
,,R25BK00692213
,,R25BK00687133
,,R25BK00692244
,,R25BK00687038
,,R25BK00688138
,,R25BK00681893
,,R25BK00689239
,,R25BK00693949
,,R25BK00687155
,,R25BK00691883
,,R25BK00693256
,,R25BK00681731
58731400,58545700,R25BK00694567
,,R25BK00685064
,,R25BK00693733
,,R25BK00683109
,,R25BK00681295
,,R25BK00689569
,,R25BK00688854
,,R25BK00692508
,,R25BK00682914
,,R25BK00693658
,,R25BK00677886
,,R25BK00681882
,,R25BK00684196
,,R25BK00688727
,,R25BK00693849
,,R25BK00688712
,,R25BK00687154
,,R25BK00695504
,,R25BK00689484
,,R25BK00691709
,,R25BK00686732
,,R25BK00683464
,,R25BK00688377
,,R25BK00689017
342000000,343332975,R25BK00687600
,,R25BK00688474
,,R25BK00691777
,,R25BK00687454
,,R25BK00695478
,,R25BK00683034
,,R25BK00687169
,,R25BK00691939
,,R25BK00691380
,,R25BK00692920
,,R25BK00696277
,,R25BK00685042
,,R25BK00693972
,,R25BK00689062
,,R25BK00671580
,,R25BK00691037
,,R25BK00681008
,,R25BK00695048
,,R25BK00691019
,,R25BK00680230
,,R25BK00691827
,,R25BK00684418
,,R25BK00695506
,,R25BK00682109
,,R25BK00682872
,,R25BK00677199
,139165000,R25BK00693537
,,R25BK00682085
,,R25BK00682719
,,R25BK00689664
,,R25BK00675047
,,R25BK00689136
,,R25BK00684877
,,R25BK00681863
,,R25BK00686085
,,R25BK00684278
,,R25BK00684252
,,R25BK00684294
,,R25BK00681710
,,R25BK00691900
,,R25BK00692523
,,R25BK00688317
,,R25BK00685784
,,R25BK00693904
,,R25BK00682813
588000000,583325475,R25BK00681914
,,R25BK00687202
,,R25BK00694740
,,R25BK00694313
,,R25BK00692528
,,R25BK00684328
,,R25BK00693303
,,R25BK00688673
,,R25BK00695496
,,R25BK00685090
,,R25BK00681769
,,R25BK00689614
,,R25BK00692212
,,R25BK00692233
818422000,817452200,R25BK00674050
,,R25BK00681794
,,R25BK00695499
,,R25BK00684935
,,R25BK00694497
,,R25BK00694604
,,R25BK00682769
,,R25BK00692759
,,R25BK00685777
,,R25BK00687652
,,R25BK00686276
,,R25BK00688306
,,R25BK00662686
,,R25BK00694306
,,R25BK00695269
,,R25BK00691952
,,R25BK00687192
,,R25BK00689723
,,R25BK00691902
,,R25BK00684345
,,R25BK00692275
,,R25BK00693206
,,R25BK00683667
,,R25BK00688332
,,R25BK00694393
,,R25BK00692888
,,R25BK00693848
,,R25BK00682080
,,R25BK00689282
,,R25BK00693546
,,R25BK00681694
,,R25BK00691292
,,R25BK00665156
,,R25BK00668601
,,R25BK00668587
,,R25BK00665585
,,R25BK00665894
,,R25BK00669328
,,R25BK00612590
,,R25BK00629958
,,R25BK00609931
,99000000,R25BK00718539
,21997000,R25BK00719611
,200000000,R25BK00719931
,50000000,R25BK00711701
,49500000,R25BK00717072
31320000,31150010.71,R25BK00707325
49140000,49038525.91,R25BK00699179
27360000,27095086.81,R25BK00704901
26352000,26546741.29,R25BK00696747
,,R25BK00704043
,,R25BK00699017
55534700,55659725,R25BK00704652
,,R25BK00700381
,,R25BK00705282
,,R25BK00703157
,,R25BK00697275
40304000,40270500,R25BK00713615
,,R25BK00701153
108720,108521.05,R25BK00707527
31760000,31552425,R25BK00700389
,,R25BK00707412
,,R25BK00692400
80492500,79832900,R25BK00707432
,,R25BK00701649
,,R25BK00698974
2975379000,2980675250,R25BK00707767
126112700,125714850,R25BK00707221
24898540,25123625,R25BK00700446
103000000,102183275,R25BK00695945
,,R25BK00713409
80000000,80299600,R25BK00706691
757560,753662.36,R25BK00705341
68882000,67716725,R25BK00705439
,,R25BK00701751
16093000,15860425,R25BK00698670
26300000,26222725,R25BK00704406
27360000,27066900,R25BK00705108
29937600,29647250,R25BK00705189
,43000000,R25BK00700912
93060000,92454000,R25BK00705819
34590000,34993625,R25BK00707486
62528000,61899175,R25BK00704040
33165000,33223900,R25BK00706278
53208000,52810200,R25BK00701449
,,R25BK00702586
57095000,57241200,R25BK00705517
,,R25BK00707411
32275000,32224775,R25BK00702452
27000000,26800450,R25BK00704475
41386660,41227300,R25BK00702459
60000000,59710050,R25BK00705676
54100000,54304975,R25BK00703727
36021480,36067725,R25BK00705301
70410000,70521300,R25BK00707050
28430000,28291450,R25BK00701829
16133040,15982075,R25BK00705810
,,R25BK00707198
61740000,62039325,R25BK00699148
16555000,16532450,R25BK00702214
79991000,79724900,R25BK00705611
41327000,41541650,R25BK00705410
68800000,68962925,R25BK00705937
4033260,4014875,R25BK00703321
,,R25BK00706325
32400000,32200450,R25BK00706139
26673240,26528025,R25BK00705225
73000000,73402825,R25BK00707602
61160000,61590000,R25BK00705903
71960000,72211025,R25BK00706390
24936000,24946900,R25BK00704503
65830000,65462725,R25BK00709256
57420000,57826150,R25BK00705601
37498440,37468225,R25BK00702651
,,R25BK00702720
34300000,34002075,R25BK00705716
21740440,21761475,R25BK00708316
69800000,70547100,R25BK00706783
39010000,38854200,R25BK00705440
64029000,63139825,R25BK00708884
,,R25BK00702809
56180000,56283125,R25BK00706973
91300000,90459175,R25BK00706545
55420000,54520700,R25BK00700566
52547000,52225850,R25BK00700840
51000000,50843100,R25BK00704346
54538000,54580300,R25BK00706422
57816000,57820400,R25BK00706400
,,R25BK00705150
34560000,34703925,R25BK00704979
73348000,73346400,R25BK00706787
39413000,38810825,R25BK00706107
30756000,30808800,R25BK00707142
42526000,43163000,R25BK00704574
24880000,24708125,R25BK00711747
,,R25BK00707686
76000000,76123550,R25BK00701065
4321350,4286075,R25BK00706155
27500000,27462350,R25BK00705065
,,R25BK00706623
49808000,50172525,R25BK00703313
16133040,16154750,R25BK00706121
39590000,39321725,R25BK00693555
,,R25BK00703935
33150000,33215950,R25BK00701310
77990000,76925900,R25BK00705852
62528000,62527275,R25BK00704019
36854000,36778025,R25BK00706182
32376000,32161225,R25BK00704923
,,R25BK00704766
18590000,18679475,R25BK00705237
36712000,36826400,R25BK00704140
24000000,23911400,R25BK00705885
,,R25BK00705292
4609440,4696250,R25BK00703550
7159740,7125800,R25BK00707599
29153000,28679800,R25BK00706132
45696000,45633350,R25BK00703915
34190000,33795150,R25BK00703856
54873000,54612125,R25BK00698217
38417000,37815050,R25BK00707061
42554000,42565950,R25BK00704620
26430000,26244325,R25BK00706996
46149950,46503175,R25BK00706407
82818080,82513775,R25BK00707663
46385000,46141525,R25BK00704675
30200000,29909550,R25BK00707055
58900000,59070425,R25BK00707977
38520000,38513500,R25BK00704298
42130000,42387875,R25BK00705720
70093000,69897300,R25BK00700246
68053000,67030900,R25BK00706250
24800000,24494550,R25BK00706559
23936000,23959250,R25BK00704823
,,R25BK00706328
45120000,44681700,R25BK00708096
,,R25BK00706411
68310000,68078325,R25BK00705773
72265380,72345275,R25BK00707780
,,R25BK00700435
37530000,37514575,R25BK00705115
,,R25BK00704355
28500000,28384350,R25BK00706165
,,R25BK00689242
27750000,27760875,R25BK00706718
9999470,10023675,R25BK00705834
24420000,24297350,R25BK00704632
76329000,75464075,R25BK00704730
64272000,63839975,R25BK00703985
,,R25BK00707705
51700000,51210550,R25BK00704055
,,R25BK00695827
30769200,30471650,R25BK00691038
26232820,26089575,R25BK00689243
28123000,28204950,R25BK00696090
,256050000,R25BK00707689
,16450440000,R25BK00712437
11300000,11175050,R25BK00703744
212510000,210613400,R25BK00693004
,,R25BK00671117
14760000,14802150,R25BK00703756
,,R25BK00682947
,481400000,R25BK00710883
,401800000,R25BK00716167
,176400000,R25BK00716179
,147000000,R25BK00716184
,196000000,R25BK00716157
,170500000,R25BK00709181
,150750000,R25BK00714221
,156800000,R25BK00716172
,274400000,R25BK00708692
345490000,347933525,R25BK00697929
,,R25BK00681733
,,R25BK00692984
,,R25BK00693443
,,R25BK00692443
,,R25BK00681961
,,R25BK00679074
,,R25BK00687433
,,R25BK00687506
,,R25BK00692414
,,R25BK00692399
,,R25BK00693476
,,R25BK00687384
,,R25BK00693244
,,R25BK00687325
,,R25BK00689015
,,R25BK00692426
,,R25BK00675460
,,R25BK00693884
,,R25BK00694809
,,R25BK00692420
,,R25BK00692434
,,R25BK00680552
,,R25BK00684366
,,R25BK00695026
,,R25BK00669313
,,R25BK00669297
,,R25BK00666449
,,R25BK00682708
,,R25BK00669205
,1530000000,R25BK00718289
,675290000,R25BK00719449
,49790180,R25BK00720414
,98900000,R25BK00714619
,49900000,R25BK00718301
,11990000,R25BK00716673
,2910710000,R25BK00719379
,28070000,R25BK00720628
,52603100,R25BK00718736
,96562100,R25BK00719715
,1000230000,R25BK00719602
,16720000,R25BK00719707
,100000000,R25BK00721216
,198000000,R25BK00717605
,100000000,R25BK00717219
,80000000,R25BK00718965
11323000,11362404.05,R25BK00687913
35846000,35484625,R25BK00705424
23316660,23194225,R25BK00700944
,1653575000,R25BK00719415
,,R25BK00691680
,196000000,R25BK00716800
,147000000,R25BK00717409
,342900000,R25BK00714018
,163600000,R25BK00717333
,176400000,R25BK00717560
,714100000,R25BK00709509
,218407000,R25BK00700915
,220500000,R25BK00705694
,8494200000,R25BK00717068
,213700000,R25BK00703892
,166200000,R25BK00615900
294479000,291938450,R25BK00701451
112398000,111503650,R25BK00706051
191786000,189984700,R25BK00703716
139040000,139513125,R25BK00701418
177953000,178752475,R25BK00703894
150000000,150823125,R25BK00701374
194528000,194101550,R25BK00703861
299698000,298721025,R25BK00698690
239030000,240696100,R25BK00701371
222842000,223632000,R25BK00703938
264440000,262972375,R25BK00706205
136750000,136761350,R25BK00706113
192248000,193927325,R25BK00703914
146520000,147820050,R25BK00701437
68000000,67610750,R25BK00698514
830817000,830551175,R25BK00701466
240240000,239321150,R25BK00701401
84923000,84658525,R25BK00696595
171049000,171055025,R25BK00694331
72000000,72189025,R25BK00698285
84600000,83755125,R25BK00700502
,,R25BK00681740
,,R25BK00682882
,,R25BK00693630
,,R25BK00691877
,,R25BK00686928
,,R25BK00666270
,,R25BK00666795
,,R25BK00668327
966713000,957908675,R25BK00658853
,50000000,R25BK00717746
,48463000,R25BK00720146
,5940000,R25BK00719268
,570000000,R25BK00714128
,21700000,R25BK00716851
,15000000,R25BK00720519
,42350000,R25BK00719262
,,R25BK00721579
,77000000,R25BK00720331
,,R25BK00713577
,90000000,R25BK00711323
,198626000,R25BK00721722
,216646000,R25BK00721200
,4686000,R25BK00716460
,24078900,R25BK00718047
,14520000,R25BK00718521
,280240800,R25BK00717265
,181318570,R25BK00719947
,263463000,R25BK00721501
,9293620,R25BK00718493
,213750000,R25BK00719509
,45000000,R25BK00720575
,241898910,R25BK00720097
,393600000,R25BK00719547
,29513800,R25BK00700704
,1270000000,R25BK00705143
,1230000000,R25BK00705112
,,R25BK00703653
50000000,49615625,R25BK00708008
,,R25BK00707363
22650000,22668050,R25BK00704116
47925000,47918100,R25BK00706465
90000000,90678150,R25BK00706852
,,R25BK00707464
30800000,30547750,R25BK00705689
23460000,23560625,R25BK00696292
46814400,46664525,R25BK00707266
,,R25BK00676537
,,R25BK00692922
94599650,94696925,R25BK00683816
48741000,48151150,R25BK00681406
,,R25BK00693907
,,R25BK00689347
,2738776600,R25BK00674077
10000000,9869650,R25BK00706185
55250000,54960400,R25BK00701088
,,R25BK00669529
,,R25BK00687347
,,R25BK00709047
,344890000,R25BK00710122
,41856000,R25BK00722508
,6854625,R25BK00718461
,,R25BK00664657
,,R25BK00694028
,,R25BK00681165
,,R25BK00681146
,,R25BK00681162
,,R25BK00681151
,,R25BK00680392
,,R25BK00664482
,,R25BK00664647
,,R25BK00617816
246257000,244794849.08,R25BK00673725
66972000,67076375,R25BK00697491
114710400,114376075,R25BK00703505
200000000,200346500,R25BK00699059
98832000,97484225,R25BK00697702
158940000,159325475,R25BK00699803
108355000,109718150,R25BK00699762
470000000,464717200,R25BK00705193
203691300,206157050,R25BK00687545
,,R25BK00673376
43100000,43308025,R25BK00702886
,,R25BK00707272
100805000,100987750,R25BK00673964
73040000,72123950,R25BK00685396
,,R25BK00701117
,,R25BK00681806
,,R25BK00689495
,,R25BK00684616
,,R25BK00695646
,,R25BK00692643
,,R25BK00686353
,,R25BK00691390
,,R25BK00691691
,,R25BK00681823
,,R25BK00693098
266892000,266330925,R25BK00684733
,,R25BK00682268
,,R25BK00696662
441000000,438521600,R25BK00687938
,,R25BK00683270
,,R25BK00694214
21900000,22016675,R25BK00692502
,,R25BK00681704
,,R25BK00682794
,,R25BK00667491
,51382400,R25BK00716754
,48542500,R25BK00719045
,25740000,R25BK00721288
,15947000,R25BK00722739
,45974888,R25BK00718488
,,R25BK00705796
,,R25BK00707381
60699000,61140950,R25BK00701352
55980000,56109350,R25BK00701555
70203000,69816375,R25BK00686991
83923000,84300500,R25BK00701550
73316000,73466900,R25BK00701472
77321200,77491525,R25BK00707533
83336000,83410200,R25BK00704168
31800000,31921850,R25BK00703944
99814000,99468700,R25BK00707210
10882760,10897150,R25BK00701045
42510000,42542350,R25BK00702742
,,R25BK00707580
83500000,83372925,R25BK00696089
,262560000,R25BK00717760
,21926654,R25BK00722689
,123812200000,R25BK00716869
,176400000,R25BK00709205
,23648000,R25BK00721342
,99000010,R25BK00719538
,21200000,R25BK00722123
,1015160000,R25BK00702604
,7700000,R25BK00719855
,,R25BK00650374
,,R25BK00711888
,2000000000,R25BK00711849
,1500000000,R25BK00712004
,500000000,R25BK00711984
,591000000,R25BK00710631
,1501450000,R25BK00701901
,30000000000,R25BK00687830
360000000,358274700,R25BK00705018
192055000,190631900,R25BK00700097
470000000,467480800,R25BK00705130
,,R25BK00693862
,,R25BK00689512
,,R25BK00671406
,,R25BK00671958
,,R25BK00691481
,,R25BK00694127
,,R25BK00694043
,,R25BK00694038
,,R25BK00685876
,,R25BK00694078
,,R25BK00690251
,,R25BK00665146
,55170000,R25BK00721130
,46000000,R25BK00714404
,14998830,R25BK00721116
,149916200,R25BK00721181
,13605900,R25BK00721081
,20442270,R25BK00721139
,50400000,R25BK00717519
,5490856,R25BK00712596
,,R25BK00709935
12000000,11859125,R25BK00704529
14982000,15216675,R25BK00698526
,5434786,R25BK00723445
,399600000,R25BK00687912
,,R25BK00721148
352830000,355267225,R25BK00692831
,,R25BK00685516
,,R25BK00690108
,,R25BK00681511
,,R25BK00670435
,,R25BK00693587
,,R25BK00689761
,,R25BK00679508
,,R25BK00695227
,,R25BK00695348
,,R25BK00671874
,,R25BK00692221
,,R25BK00684364
,,R25BK00677355
,,R25BK00688652
,,R25BK00695127
,,R25BK00692286
,,R25BK00685895
,,R25BK00694272
,,R25BK00695498
,,R25BK00695503
,,R25BK00671899
,,R25BK00682466
,,R25BK00692064
,,R25BK00671414
,,R25BK00671075
,,R25BK00647329
,,R25BK00674600
,,R25BK00691235
,,R25BK00678017
,,R25BK00690302
,,R25BK00690094
,,R25BK00665527
,,R25BK00668128
,,R25BK00662503
,,R25BK00612000
,10957000,R25BK00721259
,2725708,R25BK00721819
,60000000,R25BK00716581
,1188495000,R25BK00719630
,89000000,R25BK00721220
,37000000,R25BK00716063
,,R25BK00722949
,21837970,R25BK00721055
,7007000,R25BK00722327
,17090000,R25BK00722686
,900000000,R25BK00722301
,62802050,R25BK00719338
,7086000,R25BK00723452
17000000,17078325,R25BK00710098
,,R25BK00709413
26730000,26661750,R25BK00706031
,,R25BK00689370
,83000000,R25BK00723544
,,R25BK00695195
,,R25BK00694939
,,R25BK00695023
,,R25BK00695053
,,R25BK00681507
,,R25BK00681242
,,R25BK00692236
,,R25BK00687744
,,R25BK00691664
,,R25BK00671163
,,R25BK00673953
,,R25BK00689716
,,R25BK00670408
,,R25BK00691228
,,R25BK00668278
,,R25BK00677155
,,R25BK00694298
,,R25BK00695043
,,R25BK00689428
,,R25BK00681745
,,R25BK00669409
,,R25BK00666236
,,R25BK00658290
,16000000,R25BK00710947
,49100000,R25BK00721928
,54928000,R25BK00715671
,205361000,R25BK00723281
,264600000,R25BK00722865
,,R25BK00697745
40000000,39311800,R25BK00698525
,,R25BK00687222
,,R25BK00688334
,,R25BK00693522
,134678550,R25BK00722347
,973584000,R25BK00723932
,8672625,R25BK00714490
107855000,108476300,R25BK00715468
,37500000,R25BK00719115
,,R25BK00704318
,,R25BK00646135
63804660,64835475,R25BK00681133
71890000,71248075,R25BK00681069
67210000,66923900,R25BK00685891
232541820,229289775,R25BK00684290
80566600,80814775,R25BK00672626
,,R25BK00683258
,,R25BK00696855
,,R25BK00696417
,,R25BK00696694
,,R25BK00643250
,,R25BK00647869
22770000,22968275,R25BK00708590
,,R25BK00708988
,,R25BK00658507
,,R25BK00667777
,,R25BK00691651
,,R25BK00667752
,,R25BK00681083
,,R25BK00685853
,,R25BK00687357
,,R25BK00675365
,,R25BK00692680
,,R25BK00665814
,,R25BK00685480
,,R25BK00681439
,,R25BK00672338
,,R25BK00681820
,,R25BK00681075
160300000,161048250,R25BK00700700
,,R25BK00707957
254329000,254943250,R25BK00710097
,,R25BK00702982
329139800,328912725,R25BK00688660
137690000,138431175,R25BK00685596
,,R25BK00681038
,,R25BK00687279
,,R25BK00680601
,,R25BK00682096
,,R25BK00672097
,,R25BK00672470
,,R25BK00681055
,,R25BK00689766
,,R25BK00687635
,,R25BK00681035
,,R25BK00672350
,,R25BK00691051
,,R25BK00681470
,,R25BK00687407
,,R25BK00683992
,,R25BK00681041
,,R25BK00681049
,,R25BK00693969
,,R25BK00685800
,,R25BK00681645
,,R25BK00683120
,,R25BK00681661
,,R25BK00655347
,,R25BK00667723
,,R25BK00666746
,,R25BK00668707
,,R25BK00665747
,,R25BK00657483
,,R25BK00654161
,,R25BK00680604
,,R25BK00664678
,,R25BK00665877
,,R25BK00665638
,,R25BK00639528
,,R25BK00668709
,,R25BK00668965
,,R25BK00663760
,,R25BK00668706
,,R25BK00658765
,,R25BK00617461
,,R25BK00616144
,,R25BK00617299
,,R25BK00600046
,,R25BK00595458
,421800000,R25BK00717792
563554000,569143125,R25BK00711708
51480000,51262025,R25BK00712163
110495000,109651675,R25BK00708307
967500000,967028375,R25BK00709330
398563000,399742800,R25BK00702931
99740000,100359200,R25BK00707009
72451000,71850250,R25BK00700408
,,R25BK00709108
764885000,768684600,R25BK00699690
170000,169558.85,R25BK00700641
,,R25BK00709894
84700,83898.53,R25BK00703683
491527000,487764425,R25BK00700426
176000,177215.72,R25BK00709351
550000000,541304500,R25BK00700116
68992233,68995725,R25BK00700537
227887000,226805725,R25BK00697880
100888000,100719050,R25BK00698268
134860000,135313850,R25BK00701946
300000000,299922750,R25BK00701704
,,R25BK00709915
37240000,37406400,R25BK00704267
,,R25BK00707217
423719000,421570800,R25BK00699611
277640000,276830025,R25BK00704339
38122000,37955000,R25BK00698456
183149000,182938900,R25BK00711378
79000000,78891425,R25BK00711241
88740000,89603275,R25BK00708171
237070000,233765275,R25BK00709600
207610000,205300400,R25BK00700746
137530000,138523700,R25BK00702347
158810000,157880225,R25BK00709584
,,R25BK00710243
491527000,490685300,R25BK00700370
55225000,55352625,R25BK00700611
63171360,62685325,R25BK00707761
379000000,372411100,R25BK00709395
293759680,296640025,R25BK00692649
448745090,443899800,R25BK00692739
381258250,382203800,R25BK00692571
308197060,304658225,R25BK00692352
,,R25BK00692115
,,R25BK00699747
50000000,50135250,R25BK00702122
40930000,41249000,R25BK00681978
,,R25BK00690409
95000000,94708375,R25BK00685240
172789000,171259000,R25BK00647302
,,R25BK00667002
172830000,173204225,R25BK00666042
60000000,60601950,R25BK00686095
,,R25BK00696184
,,R25BK00687121
,,R25BK00678414
,,R25BK00670959
,,R25BK00695449
,,R25BK00695326
,,R25BK00694494
,,R25BK00693841
,,R25BK00707616
,,R25BK00689275
,,R25BK00695297
,,R25BK00683884
,,R25BK00686469
,,R25BK00685939
,,R25BK00683726
,,R25BK00686101
,,R25BK00695441
,,R25BK00686419
394500000,393819525,R25BK00687535
,,R25BK00685500
,,R25BK00692665
,,R25BK00692199
,,R25BK00686912
,,R25BK00695336
,,R25BK00678581
,,R25BK00689573
,,R25BK00674059
,,R25BK00686028
,,R25BK00675273
,,R25BK00685385
,,R25BK00683784
,,R25BK00689162
,,R25BK00683217
,,R25BK00672550
,,R25BK00682666
362731200,358969725,R25BK00646660
,,R25BK00669229
,,R25BK00623435
,,R25BK00622436
,,R25BK00621345
,8797000,R25BK00721718
,47800000,R25BK00723273
,42600000,R25BK00716491
,39840000,R25BK00712793
32640000,32666683.21,R25BK00710982
7839000,7883400,R25BK00715093
,,R25BK00707341
40800000,40747878.01,R25BK00709151
46404000,46012582.27,R25BK00710359
,,R25BK00707519
57139460,56760400,R25BK00711104
,,R25BK00703183
,,R25BK00701290
,,R25BK00702966
,17000000,R25BK00700962
,,R25BK00708337
48000000,47886275,R25BK00696715
78575000,78801750,R25BK00711931
,,R25BK00711215
,,R25BK00710927
71314000,71378250,R25BK00711983
52800000,53229450,R25BK00711484
26620000,26817700,R25BK00712017
1940,1947.29,R25BK00707650
69473000,69288800,R25BK00711955
55900000,55549525,R25BK00711014
65000000,65225425,R25BK00711902
15510000,15519675,R25BK00712035
64011000,64272050,R25BK00712077
58703000,58347600,R25BK00712091
27555000,27795525,R25BK00712061
60575000,60751625,R25BK00711872
11120000,11182125,R25BK00709368
77900000,77606550,R25BK00702233
17370000,17217675,R25BK00709347
2178680000,2195036440.11,R25BK00708290
16340000,16486000,R25BK00709353
106567360,105938925,R25BK00706856
15460000,15388550,R25BK00709317
56320000,56374700,R25BK00712002
,,R25BK00696465
7161356,7134200,R25BK00696162
53700000,53395825,R25BK00708917
21610000,21607950,R25BK00708956
,,R25BK00709336
,,R25BK00706921
,,R25BK00710825
399061710,402060725,R25BK00709781
28150000,27918650,R25BK00706692
,,R25BK00682977
,,R25BK00710388
46695000,46533250,R25BK00710940
51864000,51882225,R25BK00711950
75997000,75470200,R25BK00711088
,,R25BK00711221
,,R25BK00711045
32401000,32596525,R25BK00711804
89820000,89513750,R25BK00712113
64973000,64180375,R25BK00711367
36500000,36283125,R25BK00711679
27764000,27927750,R25BK00711009
51000000,50360875,R25BK00711105
,,R25BK00711032
48054000,48063550,R25BK00711261
51864000,51154825,R25BK00711918
36300000,36258925,R25BK00710986
30630000,30633150,R25BK00711619
13200000,13128825,R25BK00713536
25905000,25981725,R25BK00711257
,,R25BK00710988
38318000,38711675,R25BK00711648
43072000,43212025,R25BK00711702
58729000,59290800,R25BK00711763
40000000,39798000,R25BK00711616
57727000,57301450,R25BK00711767
,,R25BK00711611
,,R25BK00711375
50363000,50152425,R25BK00711753
51864000,51697600,R25BK00711975
45510000,45128775,R25BK00711961
,,R25BK00713834
51864000,51733350,R25BK00711904
51864000,51595925,R25BK00711935
,,R25BK00710952
800000,807344,R25BK00710544
90000000,89716725,R25BK00710689
13742960,13586100,R25BK00708842
77760000,77008100,R25BK00707388
25058240,25139150,R25BK00709477
38571000,38559775,R25BK00708874
,,R25BK00702645
74002500,73475850,R25BK00709773
80700000,81849400,R25BK00709070
,,R25BK00709825
,,R25BK00704890
60961000,61314500,R25BK00708117
52470000,52349100,R25BK00705766
16483350,16469475,R25BK00709289
,,R25BK00709724
82285000,82205050,R25BK00709192
15930000,15994675,R25BK00705582
230000,231490.98,R25BK00709337
84000000,84296150,R25BK00710329
60800000,60843200,R25BK00709004
35618000,35243150,R25BK00710009
26600000,26820500,R25BK00709032
39400000,38723975,R25BK00709120
48720000,48724425,R25BK00710516
20000000,19825050,R25BK00709453
76763000,77082750,R25BK00709040
99000,100389.96,R25BK00710325
30676000,30859025,R25BK00708611
87002000,87470125,R25BK00710528
,,R25BK00709113
22715000,22981900,R25BK00709246
40334000,40194200,R25BK00710039
,,R25BK00700855
99781000,100472275,R25BK00710348
44890000,45261525,R25BK00703524
39600000,39338575,R25BK00709947
98000000,97399300,R25BK00709474
,,R25BK00709152
52036230,51840500,R25BK00709969
43825000,43345400,R25BK00708040
25000,24755.38,R25BK00711060
34969000,34943800,R25BK00711761
44226000,44068175,R25BK00711227
800000,793758,R25BK00710874
8500000,8560350,R25BK00710991
106931000,107131800,R25BK00708871
18750000,18908000,R25BK00706296
,,R25BK00708194
26180000,26235200,R25BK00708660
38078000,37917750,R25BK00708504
47752820,47920475,R25BK00707294
7953000,7928500,R25BK00702829
42513520,42391850,R25BK00702176
76901000,77518550,R25BK00699346
11374000,11354300,R25BK00708843
64930000,64553475,R25BK00709870
22900000,23009750,R25BK00704665
,,R25BK00706443
200000,202997,R25BK00709072
26745400,26414950,R25BK00708146
70786000,71246150,R25BK00709603
33000000,32917525,R25BK00709568
49559050,48968500,R25BK00709899
25500000,25458400,R25BK00710042
59917000,59454200,R25BK00709191
21000000,20970050,R25BK00710892
8380,8289.9,R25BK00708958
38280000,38523975,R25BK00707811
25000000,24749775,R25BK00703943
45026000,44804175,R25BK00708966
49900000,49861000,R25BK00710780
19600000,19615400,R25BK00709242
19100000,19069675,R25BK00700510
800000,795114,R25BK00710811
47700000,47792075,R25BK00701245
80333000,79429300,R25BK00705912
82416000,82599850,R25BK00710751
18666640,18532250,R25BK00710347
84000000,83052325,R25BK00710409
34353000,33779700,R25BK00709391
97061108,97036175,R25BK00708357
1178340,1182355.2,R25BK00710795
19135000,18894850,R25BK00597900
24000000,23886500,R25BK00708850
,746800000,R25BK00719564
,,R25BK00683703
,,R25BK00685123
,,R25BK00683662
,2137000000,R25BK00712569
,120000000,R25BK00719932
,18280000,R25BK00724373
,31460000,R25BK00724581
,344050000,R25BK00714429
,147000000,R25BK00716767
,491500000,R25BK00714397
,737250000,R25BK00714349
,196000000,R25BK00712416
,241690000,R25BK00716674
,292000000,R25BK00712780
,756910000,R25BK00714155
328859000,324687450,R25BK00711589
,,R25BK00709750
,,R25BK00709951
,,R25BK00709782
,,R25BK00702246
,,R25BK00674301
,,R25BK00673584
,,R25BK00674111
,,R25BK00674394
,,R25BK00691195
,,R25BK00687516
,,R25BK00690942
,,R25BK00655032
,,R25BK00655356
,,R25BK00666477
,33710000,R25BK00724555
,39600000,R25BK00718288
,4268000,R25BK00724847
,15076000,R25BK00725216
,22000000,R25BK00724353
,5841000,R25BK00725466
,807700000,R25BK00724197
,1370160000,R25BK00724019
,2136778000,R25BK00724722
,246250000,R25BK00723928
,34572000,R25BK00723621
,49250000,R25BK00716594
,5060000,R25BK00717314
,167450000,R25BK00724067
,58800000,R25BK00724341
,10000000,R25BK00714771
,,R25BK00723810
,100000000,R25BK00722072
63360000,63168850,R25BK00705097
52250000,51893600,R25BK00710776
26895000,26775700,R25BK00710993
98900000,98721775,R25BK00710739
59358000,58746100,R25BK00710664
40330000,40309975,R25BK00710805
291500,288261.44,R25BK00710705
,,R25BK00665293
,5828130000,R25BK00724248
,1336500000,R25BK00724301
,65750000,R25BK00717832
,,R25BK00675809
,196000000,R25BK00713666
,149000000,R25BK00720687
,107800000,R25BK00720682
,137100000,R25BK00720673
,117600000,R25BK00720668
,161700000,R25BK00716363
290000000,289646200,R25BK00711365
305397000,306146050,R25BK00709320
396000000,398717600,R25BK00704772
110000000,109144475,R25BK00703416
249799000,248819825,R25BK00701149
32309000,32070200,R25BK00700983
115720000,115540400,R25BK00706541
,,R25BK00694271
,,R25BK00688007
,,R25BK00684742
,,R25BK00687266
,,R25BK00682613
,,R25BK00686434
,,R25BK00693954
,,R25BK00684762
,52620000,R25BK00718330
,15000000,R25BK00725156
,9504000,R25BK00724957
,11610000,R25BK00722716
,98000000,R25BK00722485
,38771000,R25BK00724937
,,R25BK00725429
,100000000,R25BK00722592
,39200000,R25BK00721677
,22000000,R25BK00725135
,53900000,R25BK00725056
,150000000,R25BK00720284
,36432000,R25BK00719110
,1386000000,R25BK00725054
,5577000,R25BK00725143
,3630000,R25BK00724975
,22000000,R25BK00721133
,396748000,R25BK00724647
,53253557,R25BK00721554
,522050000,R25BK00692289
,,R25BK00710124
56304000,55896100,R25BK00694499
63498000,63660275,R25BK00694289
39579000,39555575,R25BK00714488
33680000,33927450,R25BK00711287
84400000,84352575,R25BK00711497
,,R25BK00712069
71600000,72012825,R25BK00709542
26660000,26424575,R25BK00709112
,,R25BK00686976
135000000,134933200,R25BK00701199
126460000,125495475,R25BK00686261
,,R25BK00680176
55660000,55820650,R25BK00696147
29335000,29450475,R25BK00696137
,,R25BK00690650
,,R25BK00705030
,,R25BK00683564
,,R25BK00687370
,,R25BK00684979
,,R25BK00712126
,,R25BK00710465
60000000,60375000,R25BK00706613
28050000,28091150,R25BK00706387
,215400000,R25BK00706082
,,R25BK00686145
,,R25BK00664665
,,R25BK00664668
,,R25BK00664627
,,R25BK00665086
,925000000,R25BK00718499
45800000,46029275,R25BK00711607
83500000,83099875,R25BK00711635
,,R25BK00700733
148490000,146995475,R25BK00706286
47256000,46973000,R25BK00700826
48700000,48809650,R25BK00711654
61797000,61008050,R25BK00702844
90000000,90852075,R25BK00701043
150000000,148477125,R25BK00710775
1124149377,1120689807.31,R25BK00691714
,,R25BK00703075
,,R25BK00702714
,,R25BK00693325
180000000,179360550,R25BK00687970
,,R25BK00692314
,,R25BK00693551
,,R25BK00691601
,,R25BK00691584
,,R25BK00692292
,,R25BK00691361
,,R25BK00691749
,,R25BK00689600
,1319880000,R25BK00724460
,31600000,R25BK00722941
,128520760,R25BK00726337
,330000000,R25BK00718874
,30000000,R25BK00713342
,17963000,R25BK00725802
,285043610,R25BK00721128
,36370000,R25BK00722257
,21000000,R25BK00723743
,350000000,R25BK00724078
,54513641,R25BK00725628
39100000,39192276.01,R25BK00709411
,,R25BK00708697
,0,R25BK00645010
44617000,44283100,R25BK00704943
28000000,28012650,R25BK00700535
69410000,69332500,R25BK00709176
49335000,49351075,R25BK00711922
43460000,44107500,R25BK00714117
63140000,63658250,R25BK00712101
65410000,65147750,R25BK00710601
33210000,33484450,R25BK00710006
,,R25BK00702977
,636350000,R25BK00714752
,251090000,R25BK00717957
,100000000,R25BK00726757
,74000000,R25BK00719663
,98000000,R25BK00724407
,102900000,R25BK00712592
,500000000,R25BK00711969
,147000000,R25BK00709864
,196000000,R25BK00712824
,108300000,R25BK00689970
,,R25BK00699219
,,R25BK00704427
,,R25BK00683122
,,R25BK00678721
,,R25BK00669808
,,R25BK00689688
,,R25BK00686236
,,R25BK00682721
,,R25BK00689251
,,R25BK00670538
,22000000,R25BK00721267
,868260000,R25BK00721387
,39800000,R25BK00725525
,158400004,R25BK00723952
,54880000,R25BK00718257
,27977040,R25BK00719615
,7787000,R25BK00726362
,58800000,R25BK00724384
,10997000,R25BK00726548
,298713000,R25BK00724041
,,R25BK00700536
30150000,30198525,R25BK00714899
46861000,47037475,R25BK00708048
93231600,94516850,R25BK00708104
,,R25BK00699772
,190000000,R25BK00725723
,58000000,R25BK00726463
,20000000,R25BK00714239
357617000,358692625,R25BK00703999
,,R25BK00690347
,,R25BK00672623
,,R25BK00673311
,,R25BK00694856
,,R25BK00675051
,,R25BK00623185
,514800000,R25BK00721043
,28710000,R25BK00726954
,10560000,R25BK00727100
,31360000,R25BK00723522
,39200000,R25BK00716683
,34190000,R25BK00726557
,19858800,R25BK00726494
,243390000,R25BK00726589
,35000000,R25BK00725877
,13259950,R25BK00727007
,861919000,R25BK00726781
,2080886000,R25BK00727434
55000000,54708275,R25BK00719741
55000000,55676950,R25BK00719656
47100000,46506575,R25BK00709439
,,R25BK00709488
,82000000,R25BK00700025
,4079805,R25BK00727489
,,R25BK00686968
,,R25BK00689244
,,R25BK00674776
,,R25BK00687197
,,R25BK00692945
,,R25BK00683577
,,R25BK00672220
,,R25BK00691083
,,R25BK00675385
,,R25BK00684441
,,R25BK00654945
,,R25BK00671748
,,R25BK00647203
,,R25BK00656165
,89822000,R25BK00726141
,46592340,R25BK00726402
,,R25BK00725964
,19976971,R25BK00727224
,99000000,R25BK00724441
28400000,28379875,R25BK00710733
,69270000,R25BK00726596
,,R25BK00689189
,,R25BK00689099
,,R25BK00674408
,11900000,R25BK00725953
,271150000,R25BK00725127
,53880400,R25BK00727530
,8272440,R25BK00724176
,53890200,R25BK00727568
,7500000,R25BK00727284
25200000,25423965.01,R25BK00710965
,,R25BK00715672
92109000,91240700,R25BK00686464
,19687800,R25BK00715306
,,R25BK00705534
,,R25BK00679120
582590260,582143175,R25BK00702764
68452800,67856275,R25BK00708280
38250000,37964900,R25BK00692799
97328000,97276475,R25BK00679344
219000000,219674575,R25BK00686999
95000000,95102400,R25BK00696197
98456360,97615825,R25BK00663217
94157400,94192775,R25BK00682475
,,R25BK00700380
,,R25BK00686705
,,R25BK00689647
,809447000,R25BK00659398
,,R25BK00714304
,,R25BK00710941
,342080000,R25BK00712236
,,R25BK00692875
,,R25BK00670722
,,R25BK00675577
,,R25BK00690620
,,R25BK00686004
757540000,756659400,R25BK00714855
446660480,448929550,R25BK00703651
152200000,150667375,R25BK00699693
155800000,156070000,R25BK00698621
139400000,139236625,R25BK00700203
131320000,131178875,R25BK00696531
137100000,136597925,R25BK00702245
116400000,117110675,R25BK00698539
142484000,143471100,R25BK00681070
,,R25BK00685773
,,R25BK00683798
,,R25BK00676930
,,R25BK00689143
,,R25BK00673830
,,R25BK00677202
,,R25BK00682391
,,R25BK00670810
,,R25BK00673076
,,R25BK00676314
,,R25BK00683449
,,R25BK00673865
,,R25BK00687530
,,R25BK00676368
,,R25BK00683378
,,R25BK00672216
,,R25BK00677022
,,R25BK00688000
,,R25BK00686421
,,R25BK00673086
,,R25BK00686916
,,R25BK00673069
,,R25BK00677420
,,R25BK00681809
,,R25BK00682364
,,R25BK00668701
,,R25BK00685811
,,R25BK00686513
,,R25BK00691147
,,R25BK00668867
,,R25BK00664730
,,R25BK00667121
,,R25BK00664728
,,R25BK00651580
,,R25BK00664732
,,R25BK00664724
,,R25BK00655666
,2338500000,R25BK00709037
,,R25BK00715201
105100000,106076950,R25BK00714897
183600000,183430675,R25BK00713711
162873000,162763500,R25BK00715532
195800000,196037450,R25BK00712964
131113920,130438050,R25BK00712698
167508304,167819925,R25BK00715501
2739696000,2757826000,R25BK00715600
197250000,196469925,R25BK00713733
154660000,155202925,R25BK00714414
544752500,544446125,R25BK00712992
37400000,37500650,R25BK00715576
140000000,140738150,R25BK00712845
115660000,115695325,R25BK00711071
199001870,199725275,R25BK00715439
147943500,146418625,R25BK00713830
78829000,78766375,R25BK00715612
50850000,51336050,R25BK00711963
170000,170467.93,R25BK00712896
,,R25BK00712865
123490000,122907175,R25BK00713591
309591000,308873575,R25BK00712353
3631580000,3669094250,R25BK00715499
128854000,128626625,R25BK00705052
323353630,324682650,R25BK00708374
164890000,166891400,R25BK00707010
98028000,98903700,R25BK00700498
,,R25BK00704465
150000000,150977625,R25BK00704741
162165000,160037875,R25BK00705555
59464810,59615150,R25BK00704598
171000000,171255700,R25BK00707914
,,R25BK00706472
293480000,291622350,R25BK00705331
389961,390892.04,R25BK00704699
394385000,394048825,R25BK00703448
,,R25BK00701257
68250000,67776925,R25BK00704651
78694000,78453650,R25BK00704509
3715745,3699535.07,R25BK00705546
387450000,389827050,R25BK00704828
108500000,107970850,R25BK00701273
42438000,42359350,R25BK00715617
38100000,38117375,R25BK00714587
77600000,77565150,R25BK00714837
129330000,129514700,R25BK00713838
99000000,98355575,R25BK00714864
,,R25BK00712675
,,R25BK00713254
119471000,117237550,R25BK00705922
114290000,115328675,R25BK00701463
474725000,474306100,R25BK00709665
1450,1452.23,R25BK00705846
216400000,217772575,R25BK00694510
133116000,131938975,R25BK00693940
184600000,184690500,R25BK00714553
53192690,53325225,R25BK00703195
86148660,84981800,R25BK00695634
28254000,28365250,R25BK00702778
34277000,34454425,R25BK00703050
73800000,73017925,R25BK00680958
68800000,68775625,R25BK00694297
,,R25BK00665406
252000000,251261700,R25BK00665023
,,R25BK00698535
,,R25BK00681708
,,R25BK00684900
,,R25BK00677114
,,R25BK00689027
,,R25BK00692512
,,R25BK00672740
,,R25BK00694586
,,R25BK00689562
,,R25BK00677094
,,R25BK00696207
,,R25BK00693748
,,R25BK00694344
,,R25BK00676644
,,R25BK00688976
,,R25BK00675745
,,R25BK00676106
,,R25BK00688892
,,R25BK00677946
,,R25BK00677721
,,R25BK00658428
,,R25BK00656444
,,R25BK00664164
,,R25BK00661114
,,R25BK00660700
,19410100,R25BK00727123
,,R25BK00723209
,13660000,R25BK00727522
,5106632,R25BK00727217
,11971740,R25BK00727628
,76090000,R25BK00718263
,18603000,R25BK00726665
48720000,48797525,R25BK00722539
38352000,38464946.65,R25BK00707228
33017000,32916628.33,R25BK00708298
33017000,32682372.72,R25BK00708329
,,R25BK00708398
70000000,70198450,R25BK00691865
,,R25BK00713951
18770000,18894400,R25BK00714561
44860000,45015600,R25BK00714513
8954000,8966425,R25BK00712888
42390000,42509050,R25BK00714480
,,R25BK00713772
15300000,15354100,R25BK00712496
60580000,60000150,R25BK00714405
16170000,16222675,R25BK00712761
8080000,8136875,R25BK00712464
39260000,38954225,R25BK00710923
99990000,99293125,R25BK00698359
,,R25BK00705420
533179000,534200100,R25BK00707882
,,R25BK00700906
,,R25BK00698452
899193000,901517475,R25BK00704606
67028000,67192275,R25BK00705185
127797000,128875000,R25BK00710792
,,R25BK00696600
,,R25BK00712764
301642,299939.99,R25BK00715177
,,R25BK00714203
93830000,94388800,R25BK00714797
,,R25BK00713274
21250000,21255575,R25BK00711266
32375000,32658025,R25BK00713692
301642,299909.08,R25BK00714563
301642,301733.25,R25BK00715155
301642,301086.23,R25BK00715146
,,R25BK00714816
39862000,39556000,R25BK00713648
,,R25BK00713394
301642,302522.05,R25BK00715169
48962000,48363975,R25BK00712310
33209000,33175750,R25BK00713065
96500000,95932150,R25BK00714637
,,R25BK00711180
99608000,99161575,R25BK00713181
84350000,83950225,R25BK00713012
34440000,34325000,R25BK00713625
14520000,14523700,R25BK00714344
37554000,37458200,R25BK00715023
,,R25BK00713416
26180000,26425650,R25BK00712352
2574000,2559225,R25BK00714218
68304820,68381375,R25BK00712328
,,R25BK00714665
43075300,43173875,R25BK00712500
301642,302822.94,R25BK00715140
30558000,30343450,R25BK00715166
48565000,48035475,R25BK00714977
22669000,22602975,R25BK00715137
32783300,32580100,R25BK00714982
45000000,44715200,R25BK00714985
52380000,52732825,R25BK00710994
52700000,52921525,R25BK00714307
16300000,16234525,R25BK00714280
28435000,28207225,R25BK00712869
99633000,100603225,R25BK00713051
301642,301123.94,R25BK00715120
36600000,36754500,R25BK00715226
27000000,26513850,R25BK00712856
36233000,36217200,R25BK00715527
37554000,37111950,R25BK00714986
19800000,19956225,R25BK00713977
,,R25BK00716038
9350000,9406200,R25BK00714401
25280000,25075050,R25BK00716816
92000000,90942950,R25BK00715402
,,R25BK00712978
26840000,26429325,R25BK00712291
14490000,14422950,R25BK00712246
34928300,34860850,R25BK00715036
99690000,99603325,R25BK00714031
12100000,12161900,R25BK00714180
8300000,8301750,R25BK00714242
,,R25BK00712021
18222600,18264700,R25BK00713873
44997600,45597250,R25BK00711842
29070000,29285725,R25BK00714984
40666660,40795400,R25BK00713379
,,R25BK00711297
33200000,33201050,R25BK00712331
90260000,89715550,R25BK00714126
72000000,71986525,R25BK00714411
20900000,20661525,R25BK00713910
301642,301123.18,R25BK00715130
,,R25BK00715024
80000000,79813600,R25BK00714959
29458000,29642700,R25BK00712103
45493430,45158400,R25BK00713811
269600,268010.72,R25BK00714247
41607280,41798725,R25BK00714331
26187700,26526300,R25BK00713737
99740000,98846150,R25BK00713176
29300000,29124175,R25BK00714208
24143000,24126800,R25BK00713907
52826000,52578675,R25BK00715372
,,R25BK00714107
32620000,32863000,R25BK00713966
301642,302437.59,R25BK00715160
19950000,19702575,R25BK00713663
90000000,90431550,R25BK00715178
73821000,73218850,R25BK00715017
26543000,26554400,R25BK00713855
47620000,47111475,R25BK00713827
,,R25BK00714994
48686000,49071875,R25BK00713892
37158000,37196150,R25BK00715197
57492000,57639950,R25BK00713678
38124000,38329050,R25BK00715413
,,R25BK00716254
33270000,32598350,R25BK00714056
27394000,27288975,R25BK00713558
37158000,37564850,R25BK00715174
32680000,32894850,R25BK00712100
55888000,55182750,R25BK00712033
,,R25BK00714383
25100000,25209900,R25BK00713034
28280000,28374000,R25BK00701744
40042000,39844425,R25BK00712394
28545000,28108850,R25BK00713093
35980000,35868875,R25BK00705616
97208100,97157850,R25BK00707192
53160000,53552125,R25BK00709069
42202000,42099275,R25BK00702162
,,R25BK00709012
1400000,1413604.5,R25BK00714115
79354000,78781125,R25BK00710034
99557000,99460725,R25BK00713138
59255000,58322675,R25BK00713720
24980000,24983600,R25BK00712686
99725000,100172325,R25BK00713110
,,R25BK00715724
25060000,24846675,R25BK00715414
63615000,62688975,R25BK00718774
102696000,102586925,R25BK00711714
,,R25BK00713405
16340000,16251725,R25BK00713002
,,R25BK00712261
53800000,53281025,R25BK00714339
14310000,14225750,R25BK00712226
99683000,97719775,R25BK00713019
,,R25BK00713806
34327070,34447275,R25BK00705414
83333000,82248075,R25BK00701185
92500000,92000275,R25BK00710020
37820000,37571275,R25BK00709217
13640000,13505700,R25BK00710194
99840000,99645125,R25BK00710230
59494812,59527150,R25BK00708774
,,R25BK00710333
39900000,40027250,R25BK00710179
74926000,75607500,R25BK00710549
44283000,44227900,R25BK00709609
44650000,45295150,R25BK00704483
,,R25BK00709764
34901900,34675850,R25BK00715007
45000000,44850050,R25BK00694209
41630000,41510050,R25BK00709817
,296950000,R25BK00721806
63300000,63411150,R25BK00713157
39500000,39651925,R25BK00713275
34078000,33947100,R25BK00711933
68610000,68913825,R25BK00708875
,12445280000,R25BK00721032
,118911000,R25BK00723032
,181200000,R25BK00716830
,285700000,R25BK00723302
,294600000,R25BK00723272
,268000000,R25BK00725569
,487600000,R25BK00723314
,245750000,R25BK00714493
,128000000,R25BK00720127
,944660000,R25BK00714581
496710000,500822775,R25BK00698476
,,R25BK00705228
,,R25BK00698387
235200000,234397425,R25BK00683218
215461000,216062175,R25BK00679707
,,R25BK00676503
,,R25BK00686127
,,R25BK00658751
,,R25BK00667275
,108000000,R25BK00725912
,135023,R25BK00729033
,65554730,R25BK00726478
,9800000,R25BK00724317
,28875000,R25BK00726965
,190000000,R25BK00723512
,1308780000,R25BK00726157
,44550000,R25BK00717998
,202198128,R25BK00726817
,48000000,R25BK00720927
,77760000,R25BK00727746
,3465000000,R25BK00727335
174800000,172412725,R25BK00706365
,,R25BK00705800
27800000,27977775,R25BK00702082
18051000,18090725,R25BK00713895
,194040000,R25BK00727795
,,R25BK00674930
,1567500,R25BK00727157
,1600170,R25BK00725313
,,R25BK00712503
,,R25BK00712251
277330200,277776750,R25BK00707406
325000000,319152450,R25BK00710164
,,R25BK00706745
,,R25BK00690394
,,R25BK00688108
,,R25BK00688027
,,R25BK00687974
,,R25BK00687925
,20636000,R25BK00728272
,28270000,R25BK00717011
,31800000,R25BK00729555
,11550000,R25BK00724840
,11628140,R25BK00723762
,224180000,R25BK00726909
,35400000,R25BK00727277
,100000000,R25BK00726405
,394000000,R25BK00728494
,29850000,R25BK00729035
,469635980,R25BK00726956
,7447000,R25BK00726980
,8298840,R25BK00729203
,12441000,R25BK00724825
,39918021,R25BK00725993
,90000000,R25BK00723088
,51895000,R25BK00729304
,14707440,R25BK00728243
,9468000,R25BK00723009
,21548869,R25BK00726828
,11700000,R25BK00713650
,,R25BK00708107
179960000,181130225,R25BK00712673
49390000,49601200,R25BK00711847
3306000,3294625,R25BK00702859
30000000,30193425,R25BK00712092
47900000,47800050,R25BK00711160
57000000,56964275,R25BK00713339
99330000,99721400,R25BK00714867
72200000,71881825,R25BK00712209
64000000,63561300,R25BK00712529
40000000,39828400,R25BK00715277
50000000,50567750,R25BK00712076
90610000,90921300,R25BK00712202
10230000,10055425,R25BK00713903
63693200,63536725,R25BK00697239
30000000,29920950,R25BK00707812
,,R25BK00708341
,,R25BK00695390
156490000,157098775,R25BK00714765
,,R25BK00703942
,,R25BK00705661
756900000,755991775,R25BK00708509
145000000,145452075,R25BK00693966
100904960,101197875,R25BK00701737
145000000,144696600,R25BK00694024
,,R25BK00712319
,,R25BK00713298
,,R25BK00697042
,,R25BK00695013
,,R25BK00688457
,,R25BK00684794
,,R25BK00681684
,,R25BK00611768
,115010000,R25BK00726428
45529000,45572425,R25BK00713745
41780000,41428050,R25BK00715311
,558600000,R25BK00718379
,392490000,R25BK00725144
,515736000,R25BK00725678
,266050000,R25BK00729050
80376000,80867725,R25BK00702413
,,R25BK00665392
215800000,215257325,R25BK00704950
,,R25BK00673096
165185000,164698975,R25BK00712955
85470000,85699975,R25BK00698090
,,R25BK00709369
,,R25BK00684332
,,R25BK00700447
,85000000,R25BK00671971
,,R25BK00686728
,,R25BK00685690
,,R25BK00673081
,,R25BK00663481
,21496482,R25BK00725530
,486000000,R25BK00727509
,24698100,R25BK00729096
,9300000,R25BK00729642
,60000000,R25BK00727388
,19200000,R25BK00727809
,237197850,R25BK00727682
,41500000,R25BK00727578
,,R25BK00698552
18000000,18054400,R25BK00714027
25624000,25526975,R25BK00713041
231000,230243.48,R25BK00714138
59842000,59033000,R25BK00712504
,,R25BK00714903
59300000,59499000,R25BK00717378
,,R25BK00714886
41865000,41207450,R25BK00712156
37270000,37292150,R25BK00711693
63866000,64557850,R25BK00714496
67600000,67384250,R25BK00713189
54092000,54128825,R25BK00710955
20220000,20131775,R25BK00708501
,,R25BK00684398
,7000000,R25BK00727520
,19910000,R25BK00730520
,445076000,R25BK00716064
,2185000000,R25BK00725621
,196000000,R25BK00716861
,156800000,R25BK00723055
,118990000,R25BK00729200
,120540000,R25BK00710800
,,R25BK00714733
109049600,109055375,R25BK00681646
,,R25BK00684455
,201640293,R25BK00701596
,,R25BK00673617
,282750000,R25BK00685358
,,R25BK00683373
,,R25BK00669978
,,R25BK00692780
,,R25BK00635673
,43000000,R25BK00727880
,10417000,R25BK00729564
,58019000,R25BK00730271
,21970000,R25BK00728043
,10780000,R25BK00729913
,,R25BK00730240
,95000000,R25BK00730344
,36103200,R25BK00729416
,59917000,R25BK00726445
,48416980,R25BK00726422
,179094660,R25BK00729278
,132552,R25BK00726723
,21900000,R25BK00729088
,133951,R25BK00727757
,19980000,R25BK00726273
,385090000,R25BK00724426
,2462500000,R25BK00711337
,247500000,R25BK00730308
,,R25BK00684554
,100000000,R25BK00729756
,209000000,R25BK00730464
115315000,114567825,R25BK00706459
343980,343053.84,R25BK00688246
223300000,225584425,R25BK00692269
,,R25BK00675472
,,R25BK00677660
,,R25BK00677062
,,R25BK00675441
,,R25BK00686483
,,R25BK00685031
,,R25BK00676394
220847000,221552100,R25BK00638441
,,R25BK00626634
,100000000,R25BK00726226
,1401118000,R25BK00718712
,,R25BK00718513
,1707611000,R25BK00718859
,9141000,R25BK00730960
,44709583,R25BK00730672
,,R25BK00718523
73719000,72360025,R25BK00714251
86590000,86244775,R25BK00714201
45000000,44105550,R25BK00714492
75415670,75149125,R25BK00714301
,6776000,R25BK00730522
,45850890,R25BK00719422
51300000,51291200,R25BK00714918
,12412909,R25BK00731317
,,R25BK00696517
,,R25BK00698148
,,R25BK00709769
,,R25BK00684188
,,R25BK00676617
,,R25BK00663197
,,R25BK00699434
,,R25BK00663458
,,R25BK00694818
,,R25BK00677345
,,R25BK00663435
,,R25BK00675303
,,R25BK00695241
,,R25BK00641286
,78676920,R25BK00726151
,51874200,R25BK00720787
,6096000,R25BK00728030
,,R25BK00698694
,,R25BK00654251
,,R25BK00700516
,,R25BK00669789
49870000,50087682.56,R25BK00720379
,,R25BK00685203
,,R25BK00665599
,,R25BK00665975
,,R25BK00665666
,3478620,R25BK00730428
112777000,114234700,R25BK00676927
91529000,91924000,R25BK00689434
97584000,97051725,R25BK00685360
82178000,81493925,R25BK00687184
41890000,42038550,R25BK00687118
,,R25BK00699286
,,R25BK00698279
,,R25BK00681502
66605686,66554775,R25BK00670776
,,R25BK00675898
29892000,29889533.92,R25BK00710745
,,R25BK00704633
,,R25BK00719335
,,R25BK00697303
61030000,61805750,R25BK00694782
189000000,190170900,R25BK00691581
94829600,94307150,R25BK00683059
94400000,94433800,R25BK00690072
,,R25BK00700965
,,R25BK00700771
,,R25BK00699563
,,R25BK00682581
,,R25BK00696416
,,R25BK00656677
,589800000,R25BK00716749
,,R25BK00667577
,69840000,R25BK00730807
,,R25BK00687166
,,R25BK00715196
279800000,281088525,R25BK00707365
677250000,675236925,R25BK00702503
,,R25BK00707696
237660000,236433725,R25BK00708354
479400000,481610075,R25BK00701970
,,R25BK00697553
,,R25BK00699126
,,R25BK00698290
,,R25BK00675547
,,R25BK00690559
,,R25BK00684161
,,R25BK00680187
,,R25BK00674991
,,R25BK00688977
,,R25BK00681109
,,R25BK00698111
,,R25BK00697786
,,R25BK00681208
,,R25BK00696457
,,R25BK00685996
,,R25BK00681220
,,R25BK00679051
,,R25BK00678439
,,R25BK00670588
,,R25BK00689024
,,R25BK00673588
,,R25BK00687579
,,R25BK00680081
,,R25BK00669913
,,R25BK00691196
,,R25BK00691222
,,R25BK00678973
,,R25BK00674051
,,R25BK00674023
,,R25BK00680295
,,R25BK00694618
,,R25BK00696216
,,R25BK00688174
,,R25BK00684791
,,R25BK00677390
,,R25BK00665279
,,R25BK00679429
,,R25BK00679299
,,R25BK00669325
,,R25BK00655068
,,R25BK00668492
,,R25BK00667120
,,R25BK00666244
,,R25BK00615839
,,R25BK00589862
,786400000,R25BK00725862
,677400000,R25BK00725431
,147000000,R25BK00722679
,164540000,R25BK00729777
,266000000,R25BK00722586
,294900000,R25BK00714595
,1963920000,R25BK00723481
,1277900000,R25BK00714556
,196000000,R25BK00726995
,575060000,R25BK00725648
,1032150000,R25BK00718290
,920700000,R25BK00723616
,196000000,R25BK00725546
,196000000,R25BK00725491
,758400000,R25BK00727631
,,R25BK00711835
794860000,795901300,R25BK00713284
129915560,129686650,R25BK00711199
177690000,178420350,R25BK00715891
93000000,93208375,R25BK00715894
434810082,435836275,R25BK00710849
155232000,154625875,R25BK00710910
119970000,121550350,R25BK00712046
,,R25BK00720000
298859000,297237000,R25BK00711682
81860024,81069725,R25BK00711688
235613000,234515675,R25BK00711642
64280000,64113075,R25BK00715897
,,R25BK00717743
169542000,169644625,R25BK00715885
77132000,77302325,R25BK00715889
292939000,292477675,R25BK00715593
114200000,114020775,R25BK00709235
205139000,202385575,R25BK00709459
188851000,187424750,R25BK00709876
56990000,57086350,R25BK00709625
86482170,86663825,R25BK00708834
,,R25BK00710685
97909000,97827050,R25BK00708901
359785000,362498750,R25BK00711597
233865000,232883425,R25BK00710556
4828161089,4820592975,R25BK00708473
550000000,548784500,R25BK00706970
184,183.65,R25BK00704393
,,R25BK00698810
80000000,79709000,R25BK00700575
161315000,160199175,R25BK00698128
448482888,450736550,R25BK00710936
424323627,422442875,R25BK00710583
163190000,160899700,R25BK00705618
1369064403,1362978975,R25BK00708725
48527000,48227650,R25BK00709007
,,R25BK00709849
204424000,204084700,R25BK00705951
720274000,719323300,R25BK00689933
546265000,538704750,R25BK00689951
116700000,116564975,R25BK00713091
,,R25BK00710146
,,R25BK00710332
,,R25BK00710036
194766000,193989900,R25BK00699924
,,R25BK00697720
,,R25BK00685051
,,R25BK00699110
,,R25BK00698748
,,R25BK00698691
,,R25BK00697285
,,R25BK00699649
,,R25BK00699261
,,R25BK00698365
,,R25BK00698114
,,R25BK00699250
,,R25BK00697559
,,R25BK00698410
,,R25BK00698177
,,R25BK00697724
,,R25BK00699864
,,R25BK00699034
,,R25BK00699225
,,R25BK00699338
,,R25BK00696996
,,R25BK00699205
,,R25BK00703288
,,R25BK00699902
,,R25BK00703933
,,R25BK00697408
,,R25BK00699107
,,R25BK00698641
,,R25BK00698420
,,R25BK00698209
,,R25BK00704497
,,R25BK00698276
,,R25BK00699077
,,R25BK00683980
,,R25BK00686034
,,R25BK00676698
,,R25BK00696269
,,R25BK00680747
,,R25BK00693000
,,R25BK00696397
,,R25BK00696471
,,R25BK00689073
,,R25BK00697956
,,R25BK00702797
,,R25BK00697525
,,R25BK00699817
,,R25BK00703602
,,R25BK00698338
,,R25BK00698584
,,R25BK00697901
,,R25BK00699644
,,R25BK00698494
,,R25BK00697943
,,R25BK00698635
,,R25BK00699808
,,R25BK00698763
,,R25BK00698219
,,R25BK00698519
,,R25BK00697973
,,R25BK00699060
,,R25BK00704826
,,R25BK00699348
,,R25BK00699068
,,R25BK00699826
,,R25BK00697933
,,R25BK00697945
,,R25BK00698705
,,R25BK00697262
,,R25BK00697397
,,R25BK00704709
,,R25BK00699791
,,R25BK00704616
100000000,99714750,R25BK00698847
,,R25BK00694845
,,R25BK00696851
,,R25BK00695927
,,R25BK00696215
,,R25BK00696130
,,R25BK00676950
,,R25BK00696373
,,R25BK00696230
,,R25BK00696562
,,R25BK00680182
,,R25BK00693076
,,R25BK00696326
,,R25BK00698815
,,R25BK00696673
,,R25BK00698188
,,R25BK00692543
,,R25BK00685324
,,R25BK00696122
,,R25BK00696262
,,R25BK00679592
,,R25BK00680895
,,R25BK00696415
,,R25BK00696908
,,R25BK00695869
,,R25BK00696929
,,R25BK00693028
,,R25BK00696393
,,R25BK00696105
,,R25BK00695859
,,R25BK00696606
,,R25BK00673689
,,R25BK00681540
,,R25BK00694627
,,R25BK00693227
,,R25BK00695866
,,R25BK00692952
,,R25BK00666239
,,R25BK00659072
,,R25BK00638237
,,R25BK00668633
,,R25BK00651543
,,R25BK00698523
,,R25BK00696950
,,R25BK00696651
,59805000,R25BK00727786
,7234000,R25BK00732833
,28800000,R25BK00715104
,55000000,R25BK00730542
,259429500,R25BK00731666
,4180000,R25BK00730440
,33000000,R25BK00730095
,,R25BK00714852
,88200000,R25BK00732108
,110000000,R25BK00731109
,50000000,R25BK00724491
,9600000,R25BK00724199
,30276000,R25BK00731955
,49533000,R25BK00731741
,,R25BK00721714
42720000,42625588.81,R25BK00720187
36830000,36699069.36,R25BK00717719
,,R25BK00717857
26784000,26851830.49,R25BK00719750
40800000,41330094.01,R25BK00714420
,,R25BK00714526
,,R25BK00710666
,,R25BK00709501
,,R25BK00712693
89405000,89300025,R25BK00718672
6138000,6138725,R25BK00718176
,,R25BK00723747
5665000,5702850,R25BK00718040
5984000,5994100,R25BK00718129
9031000,9108575,R25BK00718255
96250000,95721125,R25BK00717187
13978000,13879775,R25BK00717954
86856000,85762300,R25BK00717415
71665000,72105950,R25BK00718251
190000000,191112450,R25BK00713531
8679000,8728925,R25BK00718206
17765000,17860750,R25BK00718087
3279751000,3271805850,R25BK00714394
8085000,8094700,R25BK00718220
213154000,213790300,R25BK00696591
78219000,78732150,R25BK00709655
215222000,215274225,R25BK00708569
108918000,108668875,R25BK00704815
203700000,204018825,R25BK00709599
364984000,368852875,R25BK00708263
308888000,303618425,R25BK00708406
55911900,55556775,R25BK00719436
18542908,18305825,R25BK00717693
30316000,30336450,R25BK00718870
106790000,106251550,R25BK00711018
37904000,37462200,R25BK00720492
110000000,109222025,R25BK00717636
162316,160981.37,R25BK00716022
38000000,38092000,R25BK00718208
,,R25BK00719150
95829000,94665450,R25BK00719369
40000000,39612100,R25BK00717235
,,R25BK00719033
51221040,51192775,R25BK00720727
,,R25BK00719308
110000000,109768175,R25BK00720532
,,R25BK00714757
69160000,68830850,R25BK00714881
34441000,34203050,R25BK00718157
76831560,76821250,R25BK00720698
85368400,85036375,R25BK00720273
49000000,48876675,R25BK00719660
198000,198143.06,R25BK00719391
97159000,98196000,R25BK00719306
,,R25BK00720032
55860000,56130700,R25BK00713927
68000000,67386350,R25BK00720283
24391000,24312625,R25BK00720515
57914000,57624625,R25BK00716477
24550000,24504725,R25BK00718310
51790010,51985300,R25BK00716505
,,R25BK00716403
67760000,67382125,R25BK00720440
75950000,75434700,R25BK00717361
,,R25BK00719637
108460000,108728525,R25BK00720611
81290000,80858200,R25BK00716024
47000000,46667850,R25BK00717670
,,R25BK00719700
91015000,89756775,R25BK00719343
33231000,33229875,R25BK00718050
46800000,46428225,R25BK00720788
95700000,94031525,R25BK00717845
25337000,25472675,R25BK00720051
44682000,44585875,R25BK00716273
24960000,25053175,R25BK00717859
69350000,68893875,R25BK00718438
26611000,26321500,R25BK00720501
27820000,27645000,R25BK00715489
28286000,28320775,R25BK00720236
60000000,59520450,R25BK00715149
30590000,30509450,R25BK00720770
43248000,43188800,R25BK00716162
43956000,44697150,R25BK00713488
67851000,67051400,R25BK00716857
35591000,35778625,R25BK00717377
59659000,59176850,R25BK00716168
41091000,40700250,R25BK00718086
90137000,90857925,R25BK00719395
,,R25BK00718550
14080000,14051475,R25BK00717756
20614000,20758850,R25BK00717922
11880000,11843800,R25BK00717252
50000000,49552500,R25BK00718661
23855000,23972775,R25BK00715786
,,R25BK00717784
84298000,84645800,R25BK00715730
39930000,40148550,R25BK00718902
49414000,48750425,R25BK00718453
24322000,24219500,R25BK00719324
89970000,88512525,R25BK00720110
4900000,4897850,R25BK00719817
69780000,70112400,R25BK00720568
81700000,81576875,R25BK00720552
,,R25BK00719804
24000000,24061525,R25BK00719676
79530000,78907350,R25BK00719238
47179000,47371925,R25BK00717528
90528000,90044175,R25BK00720753
45933000,46128625,R25BK00716873
60587300,60888775,R25BK00711960
107861400,107220500,R25BK00715774
,,R25BK00718988
,,R25BK00719933
36971000,36789250,R25BK00718359
33000000,32834450,R25BK00717906
,,R25BK00712401
33766000,33597750,R25BK00717637
22099000,21959175,R25BK00719094
45540000,45581050,R25BK00715872
20500000,20505375,R25BK00720308
83600,82816.89,R25BK00718529
8536000,8476825,R25BK00716718
,,R25BK00720497
81280000,81427550,R25BK00719938
25172000,25351425,R25BK00718664
284080,284426.58,R25BK00717607
22213800,22331150,R25BK00719483
44682000,44115025,R25BK00716274
,,R25BK00712056
78436000,77975050,R25BK00716919
45000000,44799100,R25BK00717401
,,R25BK00718580
11000000,10902600,R25BK00715466
22617480,22400500,R25BK00718059
71610000,71381250,R25BK00715735
8410000,8461125,R25BK00717018
28696000,28572800,R25BK00720573
70000000,69932450,R25BK00720446
44682000,44987800,R25BK00716270
26430000,26187175,R25BK00720478
,,R25BK00712791
27723000,27684525,R25BK00720467
91130000,90318525,R25BK00716033
31726000,31617875,R25BK00719859
34400000,34216600,R25BK00720251
84400000,85204375,R25BK00716751
74500000,75049675,R25BK00720759
49000000,49243700,R25BK00714445
54770000,54144300,R25BK00716510
30000000,29830500,R25BK00720138
86505000,86042250,R25BK00719281
,,R25BK00717971
34496000,34743625,R25BK00711692
76158000,76298175,R25BK00720906
37513000,37350250,R25BK00720636
22231000,22228500,R25BK00719309
89280000,88676750,R25BK00720566
44682000,44515375,R25BK00716269
49813000,49597350,R25BK00717044
97686000,96391975,R25BK00717421
36110000,36034225,R25BK00717268
15000000,15007850,R25BK00717395
,,R25BK00718003
70000000,70002800,R25BK00714709
33203000,33229375,R25BK00718226
88165300,88521100,R25BK00706922
,,R25BK00709295
62047100,61779875,R25BK00700705
,,R25BK00719060
98445000,98166450,R25BK00708033
,,R25BK00709744
50000000,50268250,R25BK00720065
38060000,37652325,R25BK00718465
,,R25BK00720311
,,R25BK00716256
99775000,99191125,R25BK00720482
40886000,40980525,R25BK00717704
51530000,51596025,R25BK00715804
49197000,49578700,R25BK00719005
23840000,23971300,R25BK00716160
,,R25BK00715376
59954000,60311650,R25BK00716198
28790000,28791650,R25BK00720359
,,R25BK00714900
80000000,79830200,R25BK00717624
43930000,44169800,R25BK00720341
69000000,69556000,R25BK00719929
38610000,38746825,R25BK00718079
22198000,22338675,R25BK00720524
,,R25BK00719275
59999280,59418650,R25BK00708857
,,R25BK00693100
,115640000,R25BK00722714
,242850000,R25BK00728025
,378210000,R25BK00730375
,187000000,R25BK00729225
,245000000,R25BK00726651
,265950000,R25BK00729572
,271300000,R25BK00727956
52030000,51846375,R25BK00717942
140000000,140637000,R25BK00710246
151261000,151900125,R25BK00710759
267750000,267327025,R25BK00697981
44797000,45632975,R25BK00676990
426150000,426678475,R25BK00698158
,,R25BK00697453
,,R25BK00697732
,,R25BK00697383
,,R25BK00697143
,,R25BK00698306
217500000,217060125,R25BK00694409
,,R25BK00696367
,,R25BK00697020
,,R25BK00698067
,,R25BK00699344
,,R25BK00698496
,,R25BK00694124
,,R25BK00694188
,,R25BK00696884
,,R25BK00694238
,25998000,R25BK00732980
,48500000,R25BK00733230
,275000000,R25BK00732865
,55000000,R25BK00728597
,95000000,R25BK00726615
,10131000,R25BK00730389
,26260000,R25BK00731453
,15156000,R25BK00731193
,55000000,R25BK00728610
,50000000,R25BK00729829
,28930000,R25BK00728446
,20800000,R25BK00731927
,7480000,R25BK00723322
,88200000,R25BK00731714
,58800000,R25BK00730594
,,R25BK00730629
70000000,69846350,R25BK00716227
25040000,25083625,R25BK00716224
,,R25BK00716218
25390000,25546150,R25BK00719940
106510000,106542800,R25BK00719892
27000000,26840950,R25BK00719081
49727000,49512000,R25BK00719536
,,R25BK00699617
3406590000,3405789500,R25BK00711659
29380000,29644175,R25BK00694504
,,R25BK00693901
,,R25BK00682672
,,R25BK00694018
40000000,39820600,R25BK00688403
85924660,85023375,R25BK00695559
,149951000,R25BK00697496
,,R25BK00708169
,,R25BK00686213
,,R25BK00694179
,,R25BK00673881
,,R25BK00696483
,,R25BK00674520
,,R25BK00688520
,3000000,R25BK00731567
26317000,26162575,R25BK00719974
,329500000,R25BK00725815
,20000000,R25BK00732916
,,R25BK00699794
946400000,943286375,R25BK00707980
448700000,448162700,R25BK00689965
,320000000,R25BK00726535
74500000,74251225,R25BK00712502
,,R25BK00708615
66755400,67396150,R25BK00709923
581148000,580219675,R25BK00708380
110656500,110216975,R25BK00713521
99000000,98734250,R25BK00707332
54295200,54227100,R25BK00693928
54507000,53441025,R25BK00685890
,,R25BK00653468
,,R25BK00701074
,,R25BK00698087
,,R25BK00704909
,,R25BK00697879
,,R25BK00700759
,,R25BK00686064
,,R25BK00691346
,,R25BK00686140
,,R25BK00697072
,,R25BK00679628
,,R25BK00646633
,2136778000,R25BK00733669
,28369000,R25BK00733451
,16036680,R25BK00733174
,110000000,R25BK00732586
,12163690,R25BK00733203
,39150000,R25BK00730621
,6590100,R25BK00733215
,21274440,R25BK00733143
,,R25BK00719350
1605515000,1613077025,R25BK00704889
1676869000,1680231175,R25BK00704768
,,R25BK00708605
266559000,267891850,R25BK00704629
967868000,968717375,R25BK00704438
44180000,43654525,R25BK00717503
,,R25BK00717453
,,R25BK00717635
38180610,38205275,R25BK00695460
43571000,44020275,R25BK00716106
25934700,25765350,R25BK00715869
90990000,91165900,R25BK00716462
,,R25BK00716109
37213000,36876825,R25BK00719510
37774000,37225100,R25BK00717828
36967000,36810575,R25BK00715591
49398000,48704750,R25BK00716115
,,R25BK00717154
,74100000,R25BK00718098
47382000,46709925,R25BK00720641
52437000,52180500,R25BK00716102
,,R25BK00721358
64930000,65137175,R25BK00720807
81019000,80688075,R25BK00716793
16460000,16473225,R25BK00717840
75878000,75832525,R25BK00720388
35739000,35473225,R25BK00716112
98883000,97498700,R25BK00704337
62047100,62398650,R25BK00700882
34330000,34283550,R25BK00717064
28061000,27835300,R25BK00716120
39600000,39239400,R25BK00719632
98883000,98602700,R25BK00704333
,275800000,R25BK00690514
,14625930,R25BK00733255
,,R25BK00665478
,,R25BK00671551
,,R25BK00663394
,173300000,R25BK00725995
,146900000,R25BK00729294
,,R25BK00705128
96860000,97355975,R25BK00702951
99905010,99146025,R25BK00702336
46690000,46663450,R25BK00705337
47007000,47053100,R25BK00698007
,,R25BK00697054
,,R25BK00699978
,,R25BK00697854
100000000,99810750,R25BK00697472
,,R25BK00699392
,,R25BK00697794
,,R25BK00697598
,,R25BK00695167
,99977000,R25BK00689166
,,R25BK00697424
,,R25BK00695492
,,R25BK00696136
,,R25BK00664788
,55000000,R25BK00732922
,800000000,R25BK00732664
,108762500,R25BK00727906
,30000000,R25BK00729905
,20600000,R25BK00733330
,96000000,R25BK00728103
,18390000,R25BK00733171
,45728000,R25BK00726457
,90000000,R25BK00733710
,30000000,R25BK00727407
,152520000,R25BK00730860
99450000,98622625,R25BK00719770
92818000,93348525,R25BK00716228
22855000,22995275,R25BK00717958
90472000,90381100,R25BK00717176
49147000,49384200,R25BK00715094
99916000,99790650,R25BK00716696
25967870,25753125,R25BK00723066
84150000,83808200,R25BK00716266
,254800000,R25BK00717950
,,R25BK00697433
,,R25BK00699764
,,R25BK00697149
,,R25BK00700574
,,R25BK00700150
,,R25BK00699716
,,R25BK00699450
,,R25BK00698129
,,R25BK00697627
,,R25BK00699132
,,R25BK00699622
,,R25BK00697517
,,R25BK00691191
,,R25BK00698862
,,R25BK00697870
,,R25BK00696799
,,R25BK00698382
,,R25BK00696449
,,R25BK00699922
,,R25BK00686561
,,R25BK00687418
,,R25BK00680852
,,R25BK00696533
,,R25BK00696409
,,R25BK00679794
,,R25BK00690280
254364000,253349150,R25BK00649407
,,R25BK00698112
,20592000,R25BK00733618
,205800000,R25BK00731561
,198022000,R25BK00733059
,427000000,R25BK00731432
,35890000,R25BK00729714
,,R25BK00733790
,,R25BK00714667
89681916,89600775,R25BK00696746
58136000,58100275,R25BK00714434
28345550,28505875,R25BK00722844
28345550,28471100,R25BK00722806
28345550,27976325,R25BK00722713
28345550,28299550,R25BK00723111
28345550,28415550,R25BK00723146
28345550,28669575,R25BK00723085
159500,157012.21,R25BK00718923
28345550,28343025,R25BK00722669
28345550,28055450,R25BK00722962
,,R25BK00714386
28345550,28151950,R25BK00722826
,,R25BK00709576
28345550,28066475,R25BK00722621
,,R25BK00703301
,,R25BK00692336
,,R25BK00701415
,,R25BK00699218
,,R25BK00699685
,,R25BK00698337
,,R25BK00699244
,,R25BK00697068
,,R25BK00699608
,,R25BK00695647
,,R25BK00698931
,,R25BK00725344
,,R25BK00699356
,,R25BK00698961
,,R25BK00698405
98000000,97014625,R25BK00698593
,,R25BK00710415
,,R25BK00698916
,,R25BK00699378
,,R25BK00692678
,,R25BK00692842
,,R25BK00695180
,,R25BK00696527
,,R25BK00680882
,,R25BK00696868
,,R25BK00677487
,,R25BK00694642
,,R25BK00646752
,92818000,R25BK00733963
,61641000,R25BK00725265
,9960000,R25BK00734644
,100000000,R25BK00734201
,,R25BK00713921
,,R25BK00699629
,10000000,R25BK00733694
,8357000,R25BK00733660
,19806000,R25BK00732171
,44709583,R25BK00733376
,13539000,R25BK00734817
28345550,28555500,R25BK00722741
,0,R25BK00702949
,,R25BK00718936
83586000,83924600,R25BK00696310
,,R25BK00701691
37080000,37116987.31,R25BK00721825
30600000,30591891.01,R25BK00723802
89529750,89700125,R25BK00715725
174472740,174868825,R25BK00715723
,,R25BK00702850
207095100,207726275,R25BK00701298
,,R25BK00731986
,,R25BK00700133
173700000,174483850,R25BK00700179
,,R25BK00707383
,,R25BK00699117
44860000,44949000,R25BK00706421
,884700000,R25BK00725148
,344050000,R25BK00722710
,,R25BK00734260
182584000,181119725,R25BK00715440
143407000,144925725,R25BK00712829
185480000,185875125,R25BK00714838
589023000,588238175,R25BK00712724
104038000,103659600,R25BK00722705
21263000,21392225,R25BK00717267
278116000,277288650,R25BK00720310
6930000,6917500,R25BK00717299
213180000,210464150,R25BK00721359
502200000,499057525,R25BK00715675
172257000,171835000,R25BK00723036
19268000,19377825,R25BK00718636
86850980,85240800,R25BK00717156
152451000,152903450,R25BK00720367
272840000,270615050,R25BK00717530
,,R25BK00722288
9506000,9484775,R25BK00718980
,,R25BK00716786
249900000,245027625,R25BK00722340
171435000,169397125,R25BK00714715
51947770,51901325,R25BK00724520
1000000,1015647.5,R25BK00720304
217431830,219512175,R25BK00724306
6270000,6230325,R25BK00717220
,,R25BK00713320
136180000,136728150,R25BK00720267
179190000,179001000,R25BK00720609
,,R25BK00719830
333975000,332127325,R25BK00709523
,,R25BK00708360
,,R25BK00720121
246125000,248287850,R25BK00719577
367500,367949.28,R25BK00722114
,,R25BK00724170
224440000,223529400,R25BK00723957
215450000,214000600,R25BK00723922
71600000,72116475,R25BK00715013
264934000,267296600,R25BK00708608
165630000,165482225,R25BK00703589
,,R25BK00730010
,,R25BK00721303
,,R25BK00720017
,,R25BK00720118
110046000,110451600,R25BK00687653
,,R25BK00704000
57663000,57977325,R25BK00696625
,,R25BK00709601
57520000,57559450,R25BK00696433
45424880,45449800,R25BK00696976
72797480,72589875,R25BK00696450
,,R25BK00711615
,,R25BK00716835
,,R25BK00711147
,,R25BK00711307
,,R25BK00710949
,,R25BK00711255
,,R25BK00711331
,,R25BK00707747
,,R25BK00711568
,,R25BK00711026
,,R25BK00711976
,,R25BK00711106
,,R25BK00712336
,,R25BK00718759
,,R25BK00718852
,,R25BK00710687
,,R25BK00708719
,,R25BK00707181
,,R25BK00697822
,,R25BK00703940
,,R25BK00709298
,,R25BK00701378
,,R25BK00699729
,,R25BK00704419
,,R25BK00707227
,,R25BK00700288
,,R25BK00697931
,,R25BK00702429
,,R25BK00707463
,,R25BK00698819
,,R25BK00709379
,,R25BK00709659
,,R25BK00709709
,,R25BK00710764
,,R25BK00709567
,,R25BK00710547
60000000,60113850,R25BK00706642
,,R25BK00707682
,,R25BK00703332
,,R25BK00708920
128950000,128340125,R25BK00701635
,,R25BK00701856
114000000,113203475,R25BK00698867
,,R25BK00710585
,,R25BK00704197
,,R25BK00704840
,,R25BK00702497
,,R25BK00710506
397341000,394171300,R25BK00704592
,,R25BK00708704
,,R25BK00709740
,,R25BK00699741
,,R25BK00705260
,,R25BK00708448
,,R25BK00709406
,,R25BK00705843
,,R25BK00705674
,,R25BK00708825
,,R25BK00709421
,,R25BK00708528
,,R25BK00705888
,,R25BK00702943
,,R25BK00709179
,,R25BK00701889
,,R25BK00697663
,,R25BK00675923
,,R25BK00689350
,,R25BK00680934
,,R25BK00700385
,,R25BK00707685
158860000,158721425,R25BK00697969
,,R25BK00698081
,,R25BK00690490
,,R25BK00701444
,,R25BK00701636
,,R25BK00701922
,,R25BK00703113
,,R25BK00677613
,,R25BK00698947
,,R25BK00709826
,,R25BK00700291
,,R25BK00702493
,,R25BK00709129
,,R25BK00700790
,,R25BK00709539
,,R25BK00704577
85000000,85132825,R25BK00706339
,,R25BK00718810
,,R25BK00708735
,,R25BK00703962
,,R25BK00708752
,,R25BK00708915
,,R25BK00707620
,,R25BK00700293
,100000000,R25BK00710279
,,R25BK00709096
,,R25BK00705286
,,R25BK00703916
,,R25BK00704234
,,R25BK00706698
,,R25BK00701792
,,R25BK00709441
110000000,109317450,R25BK00704523
,,R25BK00707554
,,R25BK00709394
,,R25BK00710577
,,R25BK00709366
,,R25BK00699469
,,R25BK00704164
,,R25BK00704453
,,R25BK00694439
,,R25BK00691869
,,R25BK00693781
,,R25BK00670927
,,R25BK00682039
,,R25BK00681726
,,R25BK00693776
,,R25BK00655992
,,R25BK00656294
,,R25BK00655829
,,R25BK00655581
,,R25BK00665661
,,R25BK00655773
,,R25BK00656222
,,R25BK00630720
,,R25BK00628955
,,R25BK00633703
,,R25BK00678760
,581630000,R25BK00731424
,50000000,R25BK00734376
,45540000,R25BK00726301
,50000000,R25BK00734331
27540000,27615666.16,R25BK00720924
30960000,30584764.81,R25BK00722653
,,R25BK00721075
,,R25BK00720521
28300000,28302525,R25BK00724985
,,R25BK00724286
28800000,28893075,R25BK00717592
77000000,77495725,R25BK00716706
45460000,45347875,R25BK00724914
,,R25BK00719567
,,R25BK00716072
39494000,39577700,R25BK00724938
35249000,35123300,R25BK00724955
145922800,146497050,R25BK00724281
78392328,78891350,R25BK00709559
,,R25BK00724465
,,R25BK00713877
146160000,146296350,R25BK00715714
,,R25BK00716021
5910000,5927500,R25BK00725003
61122600,59939150,R25BK00721561
139840000,139840750,R25BK00721515
32263330,32390725,R25BK00704356
28552000,28862125,R25BK00721849
65238000,65109200,R25BK00719278
43010000,42835550,R25BK00714576
37549000,37382600,R25BK00719785
31812000,31689675,R25BK00721888
97900000,97285975,R25BK00722759
28650000,28765550,R25BK00721546
93456000,92730825,R25BK00720143
29700000,29392200,R25BK00724467
89045850,88162100,R25BK00724058
97518182,97462875,R25BK00724360
68000000,69137500,R25BK00724087
,,R25BK00722646
98469000,98060625,R25BK00712448
45518000,45829850,R25BK00724215
,,R25BK00724749
96184000,96251375,R25BK00716359
38396000,38107400,R25BK00723356
29000000,28976075,R25BK00724717
38500000,38563775,R25BK00723761
,,R25BK00724583
80000000,79694400,R25BK00724247
,,R25BK00722888
24030000,23993300,R25BK00725058
18000000,18103450,R25BK00717257
57189000,56170375,R25BK00724090
24100000,23954050,R25BK00724811
33933800,34331900,R25BK00724228
82477000,82812500,R25BK00725070
31140000,30836375,R25BK00724780
99310000,100234375,R25BK00724763
,,R25BK00721570
56361890,56529625,R25BK00723128
47580000,46978275,R25BK00723836
105425100,106280700,R25BK00715205
20000000,20008900,R25BK00721523
8000000,8055800,R25BK00717206
60500000,59732150,R25BK00717278
70000000,69311200,R25BK00723863
65000000,65110850,R25BK00721762
561728,557037.58,R25BK00718773
36480000,36356750,R25BK00718204
23970000,24009625,R25BK00724299
43940000,44373525,R25BK00718168
92354300,92453875,R25BK00721850
79320000,79096775,R25BK00722556
88284000,87382675,R25BK00717150
28772000,28838725,R25BK00721746
,,R25BK00724404
34903000,34934025,R25BK00723350
29502000,29479650,R25BK00724043
,,R25BK00721976
19756000,19840600,R25BK00722623
129700,129800.85,R25BK00721002
,,R25BK00722972
81640000,80960600,R25BK00723431
19000000,18938650,R25BK00717107
33000000,33273750,R25BK00719668
26490000,26122175,R25BK00725061
,,R25BK00719997
41784000,41668825,R25BK00724023
18850000,18886450,R25BK00716953
,,R25BK00719734
38190400,38426475,R25BK00721922
29200000,29177575,R25BK00719499
28796000,28771725,R25BK00722036
83750000,84067250,R25BK00723010
,,R25BK00721577
33000000,33020675,R25BK00717142
40370000,40113925,R25BK00724160
11000000,11034475,R25BK00717162
52250000,52203675,R25BK00722519
52370000,52013025,R25BK00727543
40000000,39897600,R25BK00717075
24624600,24668225,R25BK00722766
,,R25BK00728073
33950000,34602150,R25BK00723706
,,R25BK00722566
85800000,85706525,R25BK00700931
69620000,69560550,R25BK00723619
59948900,59439825,R25BK00716053
13000000,12975700,R25BK00717239
35356000,35277025,R25BK00727627
109695000,109482800,R25BK00717194
42218000,42228925,R25BK00708364
,,R25BK00722291
63052000,63168375,R25BK00723961
76100000,75975625,R25BK00721801
89700000,89032225,R25BK00722664
,,R25BK00721439
57600000,57807400,R25BK00723767
,,R25BK00731830
43355370,43169425,R25BK00724077
96240000,96796825,R25BK00723800
39006000,38876950,R25BK00714520
40401000,40794375,R25BK00714681
,393200000,R25BK00724283
,90792150,R25BK00725799
26092000,25641525,R25BK00724839
,,R25BK00700769
,11088000,R25BK00735786
,21612000,R25BK00735783
,737250000,R25BK00728678
,294900000,R25BK00725430
,151240000,R25BK00721835
,3538800000,R25BK00722879
,196600000,R25BK00722850
,,R25BK00711113
150000000,150858750,R25BK00719454
50900000,50583675,R25BK00718413
,,R25BK00702716
,,R25BK00704478
,,R25BK00694453
,,R25BK00705861
,,R25BK00705103
,,R25BK00702247
,,R25BK00702906
,,R25BK00702613
,,R25BK00701284
,,R25BK00705190
,,R25BK00701159
,,R25BK00702869
,,R25BK00702112
,,R25BK00702939
,,R25BK00707926
,,R25BK00708663
,,R25BK00702980
,,R25BK00700642
,,R25BK00704961
,,R25BK00703005
,,R25BK00703687
,,R25BK00700638
,,R25BK00700838
,,R25BK00709913
,,R25BK00710082
,,R25BK00703161
,,R25BK00705277
,,R25BK00703071
,,R25BK00704671
,,R25BK00704696
,,R25BK00709546
,,R25BK00705908
,,R25BK00702206
,,R25BK00703254
,,R25BK00703105
,,R25BK00702040
,,R25BK00705167
,,R25BK00703278
,,R25BK00671979
,,R25BK00666265
,389597000,R25BK00733954
,29970000,R25BK00736302
,6700000,R25BK00731834
,27376000,R25BK00734161
,78080000,R25BK00733893
,23492000,R25BK00732253
,23446000,R25BK00734128
,98000000,R25BK00734501
,,R25BK00720992
29820500,29713725,R25BK00718749
41130000,41197925,R25BK00718933
23550000,23683450,R25BK00721124
,,R25BK00709172
,51293000,R25BK00734185
,148000000,R25BK00732522
,147000000,R25BK00729605
62000000,62311250,R25BK00707303
39672600,39695850,R25BK00701438
66376000,66082675,R25BK00684878
133084000,132010400,R25BK00684909
,,R25BK00719797
82488750,83136750,R25BK00709615
,,R25BK00703723
,,R25BK00704602
,,R25BK00701112
,,R25BK00617315
,,R25BK00715741
,,R25BK00694341
,,R25BK00708592
,,R25BK00694420
,16435000,R25BK00734037
,20549000,R25BK00732198
,96040000,R25BK00734431
,11109600,R25BK00736432
,4156020000,R25BK00732163
,14152000,R25BK00732284
,46158148,R25BK00736609
,19190000,R25BK00736431
,98000000,R25BK00734651
,98000000,R25BK00732150
,21780000,R25BK00736115
,73832900,R25BK00716682
,17640000,R25BK00691736
121405330,120748275,R25BK00724463
180491000,179409000,R25BK00715658
164341000,165114700,R25BK00715664
175362000,175521175,R25BK00715663
152173000,153388900,R25BK00715649
,,R25BK00715646
188839000,186755675,R25BK00715666
189821000,190073525,R25BK00715642
200352000,200661075,R25BK00715651
138260000,138555225,R25BK00715655
61407336,61677725,R25BK00709908
195714000,194450675,R25BK00715645
,,R25BK00724628
,,R25BK00718961
61072000,60452325,R25BK00722513
40800000,40807500,R25BK00715848
51414000,51184750,R25BK00722464
,,R25BK00723666
40000000,39680200,R25BK00723079
71087000,70682725,R25BK00723424
26133000,26094950,R25BK00723201
35280000,35219625,R25BK00721008
34200000,34468175,R25BK00722377
84500000,85323075,R25BK00721592
28800000,28944975,R25BK00719723
,,R25BK00710660
,,R25BK00702191
,,R25BK00711698
215555990,216682300,R25BK00696564
,,R25BK00700839
51300000,51298375,R25BK00700360
,250000000,R25BK00694643
248000000,244128125,R25BK00684527
37910000,37665700,R25BK00696325
52500000,52029650,R25BK00676003
,,R25BK00719748
,,R25BK00698215
,,R25BK00699641
,,R25BK00701903
,,R25BK00700467
,,R25BK00698481
,,R25BK00696905
,,R25BK00694853
,,R25BK00683579
,,R25BK00693516
34000000,33820675,R25BK00617913
,,R25BK00606308
,,R25BK00600530
,11400000,R25BK00733965
,20460000,R25BK00730444
,34060000,R25BK00733463
99734000,99259825,R25BK00718440
,,R25BK00724530
51360000,51222825,R25BK00724890
28683000,28752900,R25BK00706184
158950000,158958000,R25BK00714607
72593000,72568925,R25BK00717820
16100000,16022450,R25BK00725704
95887850,94609000,R25BK00693806
,,R25BK00685212
,,R25BK00692293
,,R25BK00711930
,,R25BK00712765
,,R25BK00711143
,,R25BK00711640
,,R25BK00716688
,,R25BK00702314
,,R25BK00708818
,,R25BK00701861
,,R25BK00708847
,,R25BK00708664
,,R25BK00697507
,,R25BK00704638
,,R25BK00709390
,,R25BK00707531
,,R25BK00710485
,,R25BK00688456
,,R25BK00708827
,,R25BK00701311
,,R25BK00708979
,,R25BK00708877
,,R25BK00707684
,,R25BK00709364
,,R25BK00708468
66574260,66630400,R25BK00704456
,,R25BK00708775
,,R25BK00703613
,,R25BK00708299
,,R25BK00710213
,,R25BK00685411
,,R25BK00686430
,4751873,R25BK00736457
,54000000,R25BK00736494
,29947500,R25BK00735191
,9577000,R25BK00736926
,17100000,R25BK00736445
,390705000,R25BK00733159
,,R25BK00726664
35520000,35483858.41,R25BK00729102
61116000,60837050,R25BK00723607
24000000,23934900,R25BK00717682
69210000,69351250,R25BK00681207
,83000000,R25BK00725896
,,R25BK00703274
,147000000,R25BK00733194
,2260000000,R25BK00732506
79088781,79842375,R25BK00712815
50894000,50818125,R25BK00712411
,,R25BK00713235
,,R25BK00719397
,,R25BK00711278
,,R25BK00708578
,,R25BK00702030
,,R25BK00700748
,,R25BK00681904
,,R25BK00699516
,,R25BK00705032
,,R25BK00708918
,,R25BK00696413
,,R25BK00677313
,,R25BK00656318
,,R25BK00694790
,,R25BK00627548
,,R25BK00632559
,70560000,R25BK00734710
,10736580,R25BK00735067
,43351000,R25BK00736859
,209000000,R25BK00736656
,21739000,R25BK00736459
,98865780,R25BK00736005
,20976000,R25BK00736969
,100000000,R25BK00736339
,15285600000,R25BK00732121
,19940000,R25BK00737114
,29400000,R25BK00736817
,3023362,R25BK00736748
,68900000,R25BK00736022
,67500000,R25BK00735452
,70000000,R25BK00725920
,10891000,R25BK00732276
,278520000,R25BK00734427
,,R25BK00717391
42933000,43039200,R25BK00720877
,191931504,R25BK00728979
,22000000,R25BK00737625
163892000,164920075,R25BK00722075
180100000,181704725,R25BK00718699
,,R25BK00713277
,,R25BK00727184
,,R25BK00718558
,,R25BK00699417
,,R25BK00701713
,,R25BK00700188
,,R25BK00702330
,,R25BK00695275
,,R25BK00700482
,,R25BK00699724
,,R25BK00709745
,,R25BK00703218
,,R25BK00706004
,,R25BK00702793
,,R25BK00704659
,,R25BK00703678
,,R25BK00708133
,,R25BK00705887
,,R25BK00701685
,,R25BK00711235
,,R25BK00702195
,,R25BK00708506
,,R25BK00701646
,,R25BK00707840
,,R25BK00691737
,,R25BK00688406
,,R25BK00696256
,97330630,R25BK00736034
,13742960,R25BK00735019
,54483650,R25BK00736262
,53766900,R25BK00735382
,11469920,R25BK00736854
,22056355,R25BK00737399
,5466267,R25BK00730264
,44200000,R25BK00734399
,11780000,R25BK00737673
70000,70232.4,R25BK00725496
,49636300,R25BK00737391
,,R25BK00699335
,,R25BK00705359
,,R25BK00711197
,,R25BK00719364
,,R25BK00713923
,,R25BK00711851
,,R25BK00699458
,,R25BK00711736
,,R25BK00708378
,,R25BK00711017
,,R25BK00701431
,,R25BK00699596
,,R25BK00707785
45000000,44654100,R25BK00707139
,,R25BK00704825
,,R25BK00701527
,,R25BK00699656
,,R25BK00707890
,,R25BK00696041
,,R25BK00698983
,,R25BK00704141
,,R25BK00700350
,,R25BK00703668
,,R25BK00710709
,,R25BK00707769
,,R25BK00704130
,,R25BK00688920
,,R25BK00692840
,,R25BK00630310
,297090000,R25BK00737153
,131681000,R25BK00737244
,9402000,R25BK00737363
,115863000,R25BK00737211
,770000000,R25BK00736303
,924000,R25BK00738232
,2376000,R25BK00737973
,97414450,R25BK00736044
,334658500,R25BK00737177
,20570000,R25BK00737854
82368000,82263650,R25BK00707054
213952000,213833300,R25BK00713975
,,R25BK00710730
,,R25BK00723653
,,R25BK00723998
,80316000,R25BK00737755
,,R25BK00700044
,,R25BK00702499
,53726400,R25BK00736794
,1902576,R25BK00737351
,,R25BK00710975
,42000000,R25BK00699958
,,R25BK00692015
,,R25BK00704617
,,R25BK00705353
,,R25BK00705375
,,R25BK00705246
,,R25BK00705321
,,R25BK00705172
,,R25BK00696389
,,R25BK00705394
,,R25BK00705195
,,R25BK00705275
,,R25BK00705107
,29540000,R25BK00735820
,19900000,R25BK00735804
7161356,7162750,R25BK00727577
189825000,190837275,R25BK00709392
119392000,118348850,R25BK00621786
,,R25BK00700924
,,R25BK00697808
,,R25BK00700806
,,R25BK00719194
,1474500000,R25BK00725164
,,R25BK00710401
,,R25BK00705626
,,R25BK00675065
,,R25BK00699387
,,R25BK00698309
,,R25BK00670183
,,R25BK00655949
,,R25BK00698547
,,R25BK00703866
29000000,29071750,R25BK00717398
,,R25BK00713655
,,R25BK00702820
,,R25BK00697842
,,R25BK00677838
,,R25BK00703965
,,R25BK00701219
,,R25BK00705146
,,R25BK00714611
167445000,169194450,R25BK00699849
291323000,291384950,R25BK00699798
,,R25BK00712194
,,R25BK00711602
,,R25BK00712550
,,R25BK00712256
,,R25BK00712830
,,R25BK00712000
,,R25BK00714701
,,R25BK00710959
,,R25BK00699554
,,R25BK00700593
,,R25BK00697538
,,R25BK00705759
,,R25BK00705254
,,R25BK00704038
,,R25BK00709756
,,R25BK00707473
,,R25BK00702833
,,R25BK00698435
,,R25BK00704929
,,R25BK00709041
,,R25BK00702688
,,R25BK00698238
,,R25BK00700158
,,R25BK00709575
,,R25BK00697540
,,R25BK00704223
,,R25BK00702545
,,R25BK00704810
,,R25BK00700958
,,R25BK00703775
,,R25BK00698374
,,R25BK00703559
,,R25BK00704180
,,R25BK00701811
,,R25BK00714358
,,R25BK00675913
,,R25BK00691401
,,R25BK00682899
,,R25BK00700142
,,R25BK00701785
,,R25BK00704248
,,R25BK00703228
,,R25BK00704240
,,R25BK00704403
,,R25BK00700609
,,R25BK00704257
,,R25BK00703925
,,R25BK00705191
,,R25BK00709333
,,R25BK00700361
,,R25BK00704193
,,R25BK00704148
,,R25BK00699416
,,R25BK00703141
,,R25BK00708626
,,R25BK00710836
,,R25BK00700946
,,R25BK00675825
,,R25BK00687223
,,R25BK00676404
,,R25BK00677321
,,R25BK00691577
,,R25BK00689065
,,R25BK00693988
,,R25BK00672039
,,R25BK00672455
,,R25BK00683297
,,R25BK00678203
,,R25BK00676539
,,R25BK00695810
,,R25BK00672467
,,R25BK00683958
,,R25BK00695850
,,R25BK00694863
,,R25BK00681529
,,R25BK00677806
,,R25BK00683921
,,R25BK00703603
,,R25BK00693897
,,R25BK00683165
,,R25BK00694403
,,R25BK00695515
,,R25BK00693925
,,R25BK00672474
,,R25BK00695819
,,R25BK00694246
,,R25BK00694413
,,R25BK00690944
,,R25BK00658452
,,R25BK00666478
,,R25BK00666420
,,R25BK00619729
,,R25BK00650815
,,R25BK00625934
,,R25BK00636177
,,R25BK00607870
,,R25BK00597100
112509960,111852100,R25BK00718312
19800,19731.7,R25BK00711044
157520000,157500350,R25BK00720165
266390000,265706100,R25BK00727701
,,R25BK00726439
65260800,65208325,R25BK00727617
191950000,190778700,R25BK00717959
121215000,121272000,R25BK00728586
88810000,88936825,R25BK00722176
,,R25BK00725498
126940000,127994925,R25BK00717838
53500000,53160075,R25BK00719752
,,R25BK00728249
,,R25BK00725461
,,R25BK00718791
328550000,333661475,R25BK00716659
77517000,77824050,R25BK00723837
100960000,100728350,R25BK00728721
510075390,511118525,R25BK00727898
260000000,257068500,R25BK00723519
120000000,120387000,R25BK00727138
127000000,127350250,R25BK00723995
164970000,164062700,R25BK00725846
193917000,192641100,R25BK00718096
127721640,127964050,R25BK00717759
70200000,70272900,R25BK00726179
,,R25BK00726411
87978000,88082300,R25BK00728560
503600000,500763525,R25BK00720948
328490000,329073950,R25BK00716731
328394000,330403000,R25BK00716822
26000000,25987950,R25BK00728222
,,R25BK00725547
306215000,305908825,R25BK00719076
154187000,154459175,R25BK00717046
75880000,75904150,R25BK00728727
182397000,180766900,R25BK00720556
372898000,375231475,R25BK00720039
,,R25BK00725572
76910000,76423400,R25BK00728731
806921000,802051275,R25BK00719698
89400000,89060325,R25BK00727576
42244500,42378250,R25BK00725944
40100000,40062550,R25BK00728692
54215370,53697825,R25BK00718275
148154000,147834375,R25BK00728574
174670000,174350400,R25BK00727712
56804704,57246425,R25BK00723211
57248680,57617000,R25BK00725680
,,R25BK00730513
,,R25BK00716037
308000,308227.16,R25BK00716041
268000000,264895250,R25BK00723269
31460000,31616175,R25BK00728716
166137000,168936875,R25BK00719209
,,R25BK00719040
51423715,50974200,R25BK00716760
88132000,88470925,R25BK00728505
382729000,383354825,R25BK00718076
,,R25BK00716607
138430000,137740325,R25BK00718850
200000000,200344000,R25BK00722673
12540000,12570225,R25BK00728707
356911,357675,R25BK00720177
,,R25BK00726652
276000000,274846375,R25BK00715738
135270000,135647475,R25BK00724593
677000000,679173225,R25BK00726263
140514000,140701650,R25BK00722715
424852000,429099525,R25BK00727677
53195093,53284100,R25BK00725180
146709420,145789225,R25BK00715727
99891000,100009175,R25BK00717341
491037000,497588700,R25BK00703419
403890000,405472275,R25BK00703520
,,R25BK00710872
707770000,707715175,R25BK00703356
461180000,452273525,R25BK00703489
637830000,640113500,R25BK00703383
172164520,170292750,R25BK00725949
70456000,70765350,R25BK00728202
182397000,183185025,R25BK00720600
259600000,259524100,R25BK00728603
68495060,68481250,R25BK00716556
,,R25BK00719845
26400000,26317025,R25BK00726218
148700000,146288086.01,R25BK00711225
460450000,456742275,R25BK00703459
217300000,217039850,R25BK00698594
91164904,90473925,R25BK00702973
197000000,196808475,R25BK00706906
,,R25BK00714630
,,R25BK00712748
,,R25BK00721338
,,R25BK00723886
,,R25BK00720185
,,R25BK00712155
,,R25BK00708044
132891000,134780100,R25BK00652502
166000000,167362925,R25BK00700218
293863200,294756575,R25BK00708807
69542830,69593300,R25BK00701070
92991500,92507750,R25BK00694943
41961000,42396500,R25BK00705528
5500,5428.11,R25BK00693495
39210000,39228200,R25BK00673404
,,R25BK00712631
,,R25BK00713168
,,R25BK00715129
,,R25BK00715430
,,R25BK00727729
,,R25BK00662052
,,R25BK00714298
,,R25BK00711573
,,R25BK00715026
,,R25BK00712710
,,R25BK00714373
,,R25BK00714871
,,R25BK00713920
,,R25BK00711909
,,R25BK00711004
,,R25BK00689340
,,R25BK00711082
,,R25BK00713165
,,R25BK00714814
,,R25BK00713989
,,R25BK00726901
,,R25BK00714111
,,R25BK00711495
39168200,39091475,R25BK00713876
,,R25BK00712622
,,R25BK00711938
,,R25BK00714262
,,R25BK00714313
,,R25BK00712521
,,R25BK00714329
,,R25BK00713430
,,R25BK00713976
,,R25BK00711139
,,R25BK00711279
,,R25BK00622729
,,R25BK00715172
,,R25BK00704569
,,R25BK00704679
,,R25BK00704282
,,R25BK00708300
,,R25BK00702741
,,R25BK00708010
,,R25BK00709972
,,R25BK00702273
,,R25BK00705033
,,R25BK00707128
,,R25BK00702086
,,R25BK00704619
,,R25BK00700945
,,R25BK00707253
,,R25BK00705252
,,R25BK00705515
,,R25BK00706664
,,R25BK00708267
,,R25BK00707776
,,R25BK00701262
,,R25BK00704719
,,R25BK00700135
,,R25BK00700548
,,R25BK00697937
,,R25BK00700934
,,R25BK00705914
,,R25BK00704400
,,R25BK00710010
,,R25BK00701188
,,R25BK00701084
,,R25BK00706175
,,R25BK00706256
,,R25BK00705971
,,R25BK00705573
,,R25BK00707471
,,R25BK00713732
,,R25BK00713914
,,R25BK00714972
,,R25BK00712434
,,R25BK00714872
,,R25BK00712572
,,R25BK00714028
,,R25BK00714025
,,R25BK00714968
,,R25BK00712455
,,R25BK00711917
,,R25BK00686875
,,R25BK00684244
,,R25BK00706500
,,R25BK00685912
,,R25BK00704596
,,R25BK00709906
,,R25BK00699369
,,R25BK00708361
,,R25BK00682895
,,R25BK00703275
,,R25BK00706910
,,R25BK00701317
,,R25BK00703248
,,R25BK00705299
,,R25BK00707657
,,R25BK00704448
,,R25BK00710393
,36000000,R25BK00706947
,,R25BK00708121
,,R25BK00707738
,,R25BK00705809
,,R25BK00710884
,,R25BK00699506
,,R25BK00706514
,,R25BK00703277
,,R25BK00704756
,,R25BK00710774
,,R25BK00709038
,,R25BK00707953
,,R25BK00710235
,,R25BK00704650
,,R25BK00695369
,,R25BK00684858
,,R25BK00692906
,,R25BK00692964
,,R25BK00676230
,,R25BK00678229
,,R25BK00683978
,,R25BK00691727
,,R25BK00696069
,,R25BK00696626
,,R25BK00694361
,,R25BK00684623
,,R25BK00680814
277358899,277911600,R25BK00690212
,,R25BK00693478
,,R25BK00693078
,,R25BK00628236
,,R25BK00627685
,,R25BK00632752
,29615980,R25BK00733261
,300000,R25BK00737436
,30000000,R25BK00720672
,220000000,R25BK00735039
,67500000,R25BK00737823
48600000,49028652.01,R25BK00719815
33017000,32903256.45,R25BK00726323
33017000,32918856.98,R25BK00730556
,,R25BK00724834
35910000,35979396.09,R25BK00727952
33017000,32780763.38,R25BK00726333
,,R25BK00704510
,,R25BK00717823
,,R25BK00716796
,,R25BK00716926
,7920000,R25BK00719927
,,R25BK00727078
13410000,13406100,R25BK00726891
47784000,47625275,R25BK00725856
101281000,100422200,R25BK00728261
117000,116336.32,R25BK00718563
146795000,146567500,R25BK00715782
70680000,70542425,R25BK00725842
40435000,40570925,R25BK00725312
437000000,437878425,R25BK00716562
,,R25BK00727028
32010000,31732075,R25BK00728782
54560000,54649000,R25BK00728796
490567000,488574100,R25BK00728279
45548000,45868600,R25BK00721542
27060000,27016950,R25BK00728762
101281000,101255475,R25BK00728223
,,R25BK00718564
23452170,23328150,R25BK00725823
,,R25BK00726336
42000000,41915300,R25BK00725273
44400000,44224675,R25BK00728455
94255000,94487625,R25BK00727469
32740000,32630450,R25BK00722448
274720,273664.4,R25BK00727504
55340000,55207100,R25BK00723175
65692000,65846400,R25BK00714463
17160000,17081425,R25BK00726952
274820,274175.55,R25BK00727336
274820,272421.52,R25BK00727404
,,R25BK00727955
260000,260395.85,R25BK00722099
74846140,75545425,R25BK00727883
41845450,41977925,R25BK00725522
17144000,17096025,R25BK00732953
25245000,25021050,R25BK00725387
47938000,48064000,R25BK00728063
66000000,65867050,R25BK00721769
88909000,88588750,R25BK00726870
274820,271678.13,R25BK00727442
65000000,64950150,R25BK00726747
74730000,74746300,R25BK00728342
94160000,93595800,R25BK00725358
3872000,3870673.84,R25BK00725299
274820,273298.19,R25BK00727274
90000000,90373275,R25BK00726243
49968000,50077200,R25BK00727946
29319000,29138300,R25BK00727414
,,R25BK00726529
,,R25BK00724817
50000000,49960125,R25BK00728573
,,R25BK00728155
13600000,13469775,R25BK00723970
50000000,49785000,R25BK00728552
27403330,27037075,R25BK00722313
26334000,26356775,R25BK00726632
,,R25BK00727025
60489000,60192500,R25BK00726951
361500,357375,R25BK00723663
24426000,24212725,R25BK00727146
59088200,59096675,R25BK00727012
65130000,64954375,R25BK00723373
52173000,51893150,R25BK00725220
102938000,103476425,R25BK00714514
68497000,68429225,R25BK00714648
29400000,29394300,R25BK00724971
29348000,29270050,R25BK00727499
34518000,34731375,R25BK00726509
450000,449241.75,R25BK00726264
102960000,103601200,R25BK00728810
29500000,29648525,R25BK00724950
100287000,100152425,R25BK00714579
53845000,53902250,R25BK00723893
260000,260094.25,R25BK00722156
59294400,58881000,R25BK00727948
89316000,87733600,R25BK00726894
,,R25BK00725131
73612000,73018925,R25BK00726107
,,R25BK00733156
107668000,106821225,R25BK00714755
,,R25BK00719127
31300000,31282450,R25BK00728475
30000000,29941800,R25BK00726540
63085000,62443475,R25BK00722437
260000,260021.45,R25BK00722168
106887000,107059675,R25BK00714623
97724000,97483875,R25BK00726737
17000000,17126550,R25BK00728848
72589000,72577050,R25BK00728287
25616000,25371500,R25BK00725322
44900000,44530200,R25BK00723158
7298280,7263225,R25BK00728015
83950000,83890675,R25BK00728172
50000000,50146750,R25BK00727890
27970000,28222675,R25BK00727817
48900000,48967625,R25BK00726807
27280000,26869075,R25BK00726295
49051200,49000600,R25BK00728111
29832000,29884425,R25BK00725741
38610000,38269100,R25BK00728631
99825000,99505600,R25BK00728053
,,R25BK00726287
60500000,60244750,R25BK00728388
,,R25BK00728138
3780000,3775225,R25BK00727124
,,R25BK00727334
98671000,98642200,R25BK00728079
61320000,61365425,R25BK00726765
,,R25BK00726843
,,R25BK00727942
,,R25BK00728331
35000000,34318050,R25BK00728325
41022000,41242450,R25BK00727986
64390000,64841750,R25BK00728412
54180000,53751475,R25BK00728417
40140000,40007775,R25BK00705630
94229830,92862150,R25BK00726936
9900000,9875975,R25BK00726602
,,R25BK00723981
84700,84693.45,R25BK00727833
,,R25BK00721587
52470000,52629450,R25BK00727558
,,R25BK00723102
62689590,62363175,R25BK00724893
,,R25BK00719994
361500,358200,R25BK00723759
10607000,10689100,R25BK00725633
44384000,44602550,R25BK00728487
59230000,59553600,R25BK00728304
,,R25BK00726183
40098960,40328575,R25BK00724821
22660000,22705750,R25BK00723737
99200000,99123425,R25BK00725185
58857000,58491675,R25BK00724695
19833000,19773825,R25BK00727598
41727000,41672500,R25BK00727904
43700000,43735425,R25BK00724966
47914900,48105550,R25BK00728028
40920000,40796475,R25BK00725509
49489000,48956450,R25BK00724522
48719000,48607475,R25BK00728296
,,R25BK00728364
8148000,8176875,R25BK00727239
63862680,63295000,R25BK00722625
35355000,35630375,R25BK00727988
99682000,98978550,R25BK00714545
20050000,20196800,R25BK00722441
41115000,41136425,R25BK00728457
84040000,83600100,R25BK00727508
60000000,59832450,R25BK00727736
667000,667293.48,R25BK00725159
60000000,60417750,R25BK00723354
29717600,29742975,R25BK00721984
101574000,101756875,R25BK00727416
20666000,20425875,R25BK00726378
49170000,49190200,R25BK00719423
67015130,66949350,R25BK00726453
36530000,36064350,R25BK00728435
23450000,23345700,R25BK00725289
56500000,56286050,R25BK00726823
33380000,33364775,R25BK00727724
47170000,46652700,R25BK00728115
274820,275731.72,R25BK00727127
,,R25BK00697263
28403000,28098350,R25BK00727925
23050000,23121150,R25BK00726874
82450000,83165925,R25BK00728252
30060000,30076950,R25BK00726831
82413000,82154100,R25BK00724235
69610000,69288450,R25BK00727715
,,R25BK00726566
6402000,6373500,R25BK00727041
260000,261041.95,R25BK00722361
31600000,31410700,R25BK00726850
38150000,37724300,R25BK00726979
41472000,41454950,R25BK00727171
29953000,29573825,R25BK00726679
58200000,58322100,R25BK00728650
100000000,100851250,R25BK00725214
30404000,30710125,R25BK00722140
274720,272392.44,R25BK00727479
29182890,29500300,R25BK00726338
41080000,40681475,R25BK00728322
,,R25BK00716399
53250000,52947325,R25BK00728260
,,R25BK00725606
101940000,102414050,R25BK00726953
39210000,39273450,R25BK00726893
,369300000,R25BK00725115
55750000,55642425,R25BK00726938
,,R25BK00690697
89260000,89841800,R25BK00726978
106460000,106803125,R25BK00726997
,,R25BK00694325
,78400000,R25BK00738579
39850000,39714550,R25BK00727024
24660000,24300225,R25BK00724779
,,R25BK00685190
,141000000,R25BK00734055
,136400000,R25BK00734179
,262000000,R25BK00733301
,440900000,R25BK00729313
,1428250000,R25BK00729025
,266000000,R25BK00732995
,,R25BK00715441
,,R25BK00712567
,,R25BK00712350
,,R25BK00715091
250000000,249990625,R25BK00707640
,,R25BK00706195
,,R25BK00697779
,,R25BK00700800
,,R25BK00701404
,,R25BK00678306
,,R25BK00684691
,,R25BK00704962
,,R25BK00708749
,,R25BK00700739
,,R25BK00671449
,,R25BK00687434
,,R25BK00683467
,,R25BK00683251
,,R25BK00682328
,,R25BK00696640
,98000000,R25BK00738615
,5683590000,R25BK00738727
,3872000,R25BK00738514
,49000000,R25BK00738384
,19700000,R25BK00740016
,393015000,R25BK00738599
,3630000,R25BK00738742
,83000000,R25BK00725795
,742690000,R25BK00738680
,4840000,R25BK00738780
,33765600,R25BK00737655
,5472500,R25BK00734088
,44000000,R25BK00734123
,55000000,R25BK00736694
,53000000,R25BK00734156
,14000000,R25BK00739655
,90000000,R25BK00738613
32362000,32035425,R25BK00727528
60108000,60093625,R25BK00727595
,57750000,R25BK00738867
,78400000,R25BK00738659
,,R25BK00725000
,,R25BK00696883
,1642000000,R25BK00728939
,245000000,R25BK00734723
,115340000,R25BK00730985
,108000000,R25BK00731566
151800000,149501425,R25BK00720215
169359000,170487425,R25BK00724629
257780000,256965450,R25BK00712970
55000000,54982700,R25BK00717948
381700000,379044375,R25BK00728057
705350000,717087100,R25BK00718271
1734758040,1731900075,R25BK00717852
54100000,53918975,R25BK00718395
169510000,168664200,R25BK00718067
158667000,156015725,R25BK00719088
,,R25BK00730158
382200000,378999100,R25BK00728095
285670000,288783125,R25BK00713030
73800000,73642125,R25BK00719558
179720000,179374550,R25BK00720588
176715000,179699325,R25BK00713117
,,R25BK00715343
,,R25BK00717701
,,R25BK00709312
,,R25BK00685686
,,R25BK00706516
,,R25BK00698985
,,R25BK00700415
,,R25BK00700659
,,R25BK00635291
,7476110000,R25BK00739525
,806970000,R25BK00739536
,8840000,R25BK00740297
,6677000,R25BK00738920
,21238000,R25BK00738908
,298480000,R25BK00739531
,293154000,R25BK00739706
,6530000,R25BK00739916
,80120000,R25BK00737108
,28674800,R25BK00739026
,60000000,R25BK00723530
,100000000,R25BK00734456
,20000000,R25BK00737863
,22000000,R25BK00736294
,52756400,R25BK00738947
,52393277,R25BK00737676
,292525000,R25BK00736552
,29400000,R25BK00736116
126000000,126180875,R25BK00716937
18000000,17967175,R25BK00720125
,,R25BK00726454
,,R25BK00726674
,,R25BK00716298
64768000,65234700,R25BK00716592
48000000,47612900,R25BK00724584
9780000,9690425,R25BK00723943
22780000,22425725,R25BK00728436
15270000,15191800,R25BK00724074
79180000,79037125,R25BK00727049
26520000,26358000,R25BK00726061
20990000,21165000,R25BK00723899
32700000,32707825,R25BK00723987
73735200,73779875,R25BK00722409
30000000,29869875,R25BK00723831
,,R25BK00727194
38900000,38858500,R25BK00727073
76670000,76580150,R25BK00727097
105710000,106400575,R25BK00727182
27560000,27589125,R25BK00727208
,,R25BK00709886
33350000,33238600,R25BK00727222
,,R25BK00686657
49720000,49932475,R25BK00727236
,,R25BK00684304
61740000,61694375,R25BK00727252
51140000,51132750,R25BK00727276
,,R25BK00712436
210382000,211262000,R25BK00713500
175450000,174361400,R25BK00716437
,,R25BK00707547
45350510,45365850,R25BK00708810
168322500,169208775,R25BK00676872
,,R25BK00715049
,,R25BK00706225
,,R25BK00697141
,,R25BK00697784
,,R25BK00701223
,,R25BK00697717
,,R25BK00708515
,,R25BK00696821
,64079426,R25BK00699851
,,R25BK00697595
,,R25BK00697871
,,R25BK00680645
52000000,51761625,R25BK00720897
26300000,26135600,R25BK00709875
46600000,46655950,R25BK00725566
,231800000,R25BK00737127
815033410,816767450,R25BK00711136
,,R25BK00702777
,,R25BK00627073
,322100000,R25BK00725790
,491520000,R25BK00726018
264330000,263930925,R25BK00706659
1672000,1667447.98,R25BK00724253
139122500,136881625,R25BK00716074
188100,188594.24,R25BK00724313
263690000,265332825,R25BK00720525
109300000,110337850,R25BK00721395
22000,22109.95,R25BK00724057
,,R25BK00712517
1529000,1538227.52,R25BK00724209
312460000,306418625,R25BK00727305
173800,173345.09,R25BK00724288
198000,197968.82,R25BK00724529
334500000,335916675,R25BK00721069
58000,58046.69,R25BK00723935
130000,130910.65,R25BK00724018
60500,60654.28,R25BK00724123
226350000,227370875,R25BK00712032
1500,1500.27,R25BK00716633
57970000,57926725,R25BK00720042
3272500,3276369.74,R25BK00724507
270000,266631.75,R25BK00717997
,,R25BK00719841
181245000,181808218.85,R25BK00708701
43000,42833.59,R25BK00723814
,,R25BK00716067
60500,60120.67,R25BK00724159
80000,80570.61,R25BK00724086
,,R25BK00712760
,,R25BK00712755
,,R25BK00711661
,,R25BK00712657
,,R25BK00713340
,,R25BK00690676
,,R25BK00702322
,,R25BK00708362
,,R25BK00700875
,,R25BK00707992
,,R25BK00699321
,,R25BK00696725
,,R25BK00685525
,,R25BK00665104
,,R25BK00635816
,10000000,R25BK00739821
,4400000,R25BK00739452
,1500000,R25BK00740553
,7711000,R25BK00740832
,1518000,R25BK00740733
,12449000,R25BK00740275
,45263400,R25BK00735590
95000000,94728800,R25BK00721511
80000000,80023800,R25BK00728256
,,R25BK00720891
35893000,35403625,R25BK00716059
61160000,60801800,R25BK00728196
29197000,28925000,R25BK00716383
30133000,29975750,R25BK00716455
72505000,72913450,R25BK00714945
17729000,17765075,R25BK00723042
27040000,26936000,R25BK00726193
42010800,41587375,R25BK00727187
26002000,25916625,R25BK00724414
39683600,39378000,R25BK00724705
28149000,27878975,R25BK00727299
,,R25BK00724473
52817000,52744150,R25BK00723240
22170000,22206400,R25BK00680102
,194800000,R25BK00722425
,,R25BK00659877
,90704368,R25BK00738893
,99388083,R25BK00738485
,,R25BK00671268
,246250000,R25BK00734000
,2000000000,R25BK00735126
,37044000,R25BK00733144
,175638000,R25BK00736121
,30000000000,R25BK00735094
,,R25BK00735189
,300000000,R25BK00720322
,320450000,R25BK00725793
,1100000000,R25BK00720570
,1100000000,R25BK00720666
,198000000,R25BK00735254
,9349200000,R25BK00727256
,1000000000,R25BK00735201
229901000,231723025,R25BK00717986
,,R25BK00726468
110109,109115,R25BK00716280
194780000,194861850,R25BK00726916
473000,474926.3,R25BK00729949
86510000,85785075,R25BK00720795
69678180,70116150,R25BK00718688
49772000,49007050,R25BK00714419
,,R25BK00714077
,,R25BK00714286
,,R25BK00713964
,,R25BK00713758
,,R25BK00714141
,,R25BK00710450
,,R25BK00704895
,,R25BK00703812
,,R25BK00705526
,,R25BK00682404
,,R25BK00706233
,,R25BK00704594
,,R25BK00682012
,,R25BK00678680
,,R25BK00692013
,,R25BK00681927
,,R25BK00634736
,,R25BK00635538
,,R25BK00715301
,,R25BK00635995
,,R25BK00635840
,8351000,R25BK00740416
,7221400,R25BK00739815
,66000000,R25BK00739721
,130000000,R25BK00740956
,117600000,R25BK00739005
,8496000,R25BK00739960
,8529480,R25BK00739407
,22950000,R25BK00740203
,45000000,R25BK00737022
,98900000,R25BK00736056
,94500000,R25BK00735995
195,194.79,R25BK00718490
,40000000,R25BK00724711
,,R25BK00740646
99275000,99130350,R25BK00724562
25560000,25583425,R25BK00720639
99275000,98118025,R25BK00726868
27783829,27858175,R25BK00726363
,,R25BK00727959
,,R25BK00696559
,48180000,R25BK00735048
,37730000,R25BK00733169
,263444000,R25BK00716866
,,R25BK00708084
,,R25BK00703390
,,R25BK00668334
,,R25BK00713780
,,R25BK00712344
,,R25BK00713005
,,R25BK00715319
,,R25BK00713941
,,R25BK00714253
,,R25BK00726668
,,R25BK00714389
,,R25BK00711665
,,R25BK00703078
,,R25BK00701732
,,R25BK00710120
,,R25BK00707053
,,R25BK00705783
,,R25BK00706805
,,R25BK00715010
,,R25BK00709267
,,R25BK00704717
,150000000,R25BK00710511
,,R25BK00705009
,,R25BK00706892
,,R25BK00706038
,,R25BK00711123
,,R25BK00715546
,,R25BK00688242
,,R25BK00717234
,,R25BK00685197
,,R25BK00704678
,,R25BK00705201
,,R25BK00713716
,,R25BK00705139
,,R25BK00706596
,,R25BK00710781
,,R25BK00682372
,,R25BK00692262
,,R25BK00682273
,,R25BK00682410
,,R25BK00686633
,,R25BK00705079
,,R25BK00686628
,,R25BK00674931
,,R25BK00654848
,200000000,R25BK00739773
,98000000,R25BK00738412
,19899000,R25BK00740756
,50000000,R25BK00740758
,19664810,R25BK00739793
,601453110,R25BK00738563
,49850000,R25BK00740918
,64000000,R25BK00718167
67500000,67591000,R25BK00727496
64758000,63866000,R25BK00723723
,,R25BK00726140
46570000,46729075,R25BK00717466
86031000,85095250,R25BK00729596
35000000,35028525,R25BK00734344
35500000,35559450,R25BK00734497
92675000,92317800,R25BK00720848
,20900000,R25BK00740857
34510000,34557575,R25BK00734611
23120000,23025850,R25BK00734645
,,R25BK00711502
,,R25BK00713763
,,R25BK00715001
,,R25BK00713213
,,R25BK00710630
,,R25BK00709550
,,R25BK00703317
,,R25BK00699397
,,R25BK00704517
,,R25BK00685076
,,R25BK00692047
,,R25BK00685146
,,R25BK00684038
,,R25BK00685114
,,R25BK00738640
,18000000,R25BK00741599
,68600000,R25BK00738428
,774430550,R25BK00740476
,65004759,R25BK00734077
,70000000,R25BK00739744
,,R25BK00707512
,,R25BK00694049
,18700000,R25BK00740359
,96500000,R25BK00741076
,49750000,R25BK00740673
,15955500,R25BK00741499
,18359000,R25BK00741468
,59400000,R25BK00740950
,39000000,R25BK00741361
,20900000,R25BK00738860
,,R25BK00734222
,,R25BK00696293
,,R25BK00696592
30800,30469.37,R25BK00735276
61418244,61498725,R25BK00710364
,,R25BK00730855
87515800,87728750,R25BK00721564
49550000,49793200,R25BK00682420
,,R25BK00679761
195684000,196931525,R25BK00686408
84234000,84317875,R25BK00695697
,,R25BK00714654
,,R25BK00723545
,,R25BK00716507
,,R25BK00698243
,,R25BK00674989
,,R25BK00684479
,,R25BK00721495
,,R25BK00685388
,884700000,R25BK00716368
,1179600000,R25BK00732567
,,R25BK00710648
,,R25BK00709668
,,R25BK00705804
,,R25BK00678855
,,R25BK00711741
,,R25BK00686626
,,R25BK00711700
,,R25BK00703197
,,R25BK00704610
,,R25BK00695794
,,R25BK00710226
,,R25BK00710489
,,R25BK00636878
233470000,232582875,R25BK00721236
97371900,97156250,R25BK00723181
116700000,116495550,R25BK00712342
202540000,203079825,R25BK00712198
155680000,156748025,R25BK00712263
,,R25BK00712219
,,R25BK00682660
,,R25BK00707722
,,R25BK00708152
,,R25BK00708215
,,R25BK00708124
,,R25BK00702395
,,R25BK00706373
,,R25BK00705910
,,R25BK00707427
,,R25BK00702271
,,R25BK00688209
,,R25BK00705989
,,R25BK00712315
,,R25BK00681458
,,R25BK00689183
,,R25BK00696875
,,R25BK00704087
,,R25BK00708168
,,R25BK00698841
,,R25BK00703712
,,R25BK00708141
,,R25BK00700619
,,R25BK00705074
,,R25BK00695143
,,R25BK00683329
,,R25BK00681321
,,R25BK00672746
,,R25BK00685073
,,R25BK00688021
,,R25BK00686607
,,R25BK00679787
,,R25BK00686924
,,R25BK00682664
,,R25BK00687114
,,R25BK00681452
,,R25BK00683775
,,R25BK00683358
,,R25BK00682830
,,R25BK00681635
,,R25BK00682687
,,R25BK00681106
,,R25BK00669261
,,R25BK00668969
,,R25BK00611290
,,R25BK00623299
305943000,305364050,R25BK00721940
1326780000,1333609650,R25BK00723243
46533000,46317475,R25BK00714114
190300000,190937550,R25BK00730434
,,R25BK00722573
114500000,113902950,R25BK00730382
11983092000,12081652975,R25BK00731799
350000000,348817000,R25BK00699473
98000000,97503900,R25BK00718544
191200000,187908550,R25BK00719378
103411000,103908200,R25BK00724196
16129000,16083250,R25BK00722433
1443407164,1449916975,R25BK00721095
762080,760127.18,R25BK00724615
3076336000,3080558350,R25BK00721213
217000000,216860075,R25BK00724724
77780000,77678525,R25BK00723757
48452667,48476700,R25BK00730031
,,R25BK00726728
189000000,188695750,R25BK00719228
143074000,144223650,R25BK00723971
27000,26809.18,R25BK00722240
30000000,30295350,R25BK00719685
232000000,234112400,R25BK00723896
1045455,1043986.14,R25BK00729671
116883000,115680600,R25BK00723469
205530000,205146750,R25BK00731442
175230000,176136875,R25BK00730900
134420000,134106175,R25BK00731276
115764000,115751875,R25BK00722147
127860000,128064000,R25BK00726350
17760000,17801775,R25BK00730286
106590000,106907975,R25BK00732078
266310000,265587675,R25BK00732258
74375000,74310725,R25BK00719763
188680000,187528625,R25BK00730454
,,R25BK00724545
188400000,188987850,R25BK00729119
,,R25BK00732389
360870137,364414850,R25BK00719170
110630000,110321425,R25BK00729932
222171000,221971650,R25BK00721072
,,R25BK00723989
41910000,41987900,R25BK00732144
414470000,413273275,R25BK00729838
,,R25BK00724369
,,R25BK00726759
1086470000,1090631250,R25BK00731551
47800000,47998800,R25BK00724149
135739000,135195775,R25BK00720586
80960000,80973400,R25BK00732099
256590000,260809050,R25BK00730617
191220000,189463700,R25BK00728997
3087861000,3063158150,R25BK00722514
158400000,157821900,R25BK00717031
1650,1652.39,R25BK00721696
111462000,112332300,R25BK00724738
,,R25BK00732167
83270000,83084350,R25BK00732125
3442428000,3451920550,R25BK00731827
175684000,175750800,R25BK00723898
192000000,192726275,R25BK00712240
279825640,277713025,R25BK00715752
,,R25BK00730320
,,R25BK00727333
167900000,165449975,R25BK00714652
,,R25BK00709914
,,R25BK00710024
,,R25BK00708780
415566000,413046700,R25BK00700736
102315520,103071700,R25BK00708630
119934000,119823425,R25BK00693671
68472000,67538625,R25BK00694814
394950000,396368925,R25BK00662830
,,R25BK00681215
,,R25BK00714744
,,R25BK00713691
,,R25BK00692349
,,R25BK00714542
,,R25BK00711759
,,R25BK00705022
,,R25BK00707239
,,R25BK00701128
,,R25BK00700909
,,R25BK00710341
,,R25BK00708252
,,R25BK00701198
,,R25BK00704383
,,R25BK00707457
,,R25BK00708266
,,R25BK00707609
,,R25BK00709536
,,R25BK00705761
,,R25BK00713348
,,R25BK00708271
,,R25BK00704354
,,R25BK00701059
867520000,863438375,R25BK00708791
,,R25BK00706520
,,R25BK00708256
,,R25BK00706977
,,R25BK00700820
,,R25BK00696201
,,R25BK00688148
,,R25BK00685527
,,R25BK00682884
,,R25BK00665640
,54590000,R25BK00740831
,4730000,R25BK00740957
,17992200,R25BK00739049
,16941440,R25BK00741983
,21072000,R25BK00739106
,17378520,R25BK00741930
,6831660,R25BK00740041
,171082360,R25BK00741511
,53800000,R25BK00742164
,144000000,R25BK00740932
,2908000,R25BK00739461
,12705000,R25BK00741949
,18966300,R25BK00739079
,12759780,R25BK00739996
,48500000,R25BK00741993
,3985599,R25BK00736392
33843000,34143441.25,R25BK00725639
33843000,34113997.84,R25BK00725849
33480000,33463260.01,R25BK00730898
,,R25BK00726079
,97000000,R25BK00727737
69630030,69280700,R25BK00730137
,224400000,R25BK00734589
,,R25BK00726906
43170000,43048125,R25BK00732355
,,R25BK00729167
73440000,72915900,R25BK00721030
38630240,38688925,R25BK00723149
,,R25BK00730234
29722000,29654150,R25BK00729329
80820000,80227225,R25BK00728955
53253550,53177575,R25BK00728472
35830000,35066975,R25BK00722557
99264000,98530975,R25BK00731348
33170000,33371150,R25BK00729162
23200000,23029875,R25BK00729004
27750000,27787450,R25BK00732100
31460000,30893550,R25BK00730555
60036120,59186650,R25BK00728187
3102600,3087400,R25BK00729969
18764880,18806350,R25BK00730733
87000000,86910450,R25BK00721646
,,R25BK00736468
60350000,60768275,R25BK00731835
40743000,40309550,R25BK00730974
94799000,93273500,R25BK00732295
29436890,29452900,R25BK00725638
25663000,25340575,R25BK00729940
30319000,30141400,R25BK00730151
,,R25BK00731557
24390000,24543700,R25BK00731471
28830000,29020675,R25BK00731588
23710000,23588525,R25BK00731117
42380000,42571400,R25BK00731983
55000000,54572000,R25BK00730072
23000000,22804875,R25BK00731445
80730000,81157700,R25BK00731972
33880000,33780525,R25BK00731805
41500000,41621325,R25BK00731803
,,R25BK00733443
680,687.85,R25BK00727593
91259000,90587825,R25BK00726096
36780000,36456475,R25BK00731865
1502194320,1511714525,R25BK00731871
,,R25BK00729645
30600000,30864750,R25BK00729920
76978000,76878925,R25BK00731390
96000000,94887400,R25BK00730267
40000000,39354600,R25BK00727638
,,R25BK00725225
43638040,43256900,R25BK00730002
,,R25BK00729420
,,R25BK00733453
33880000,33657625,R25BK00731786
29260000,29181425,R25BK00727823
35600000,35615525,R25BK00729386
68420000,68479400,R25BK00731541
52866000,52003675,R25BK00728090
33880000,33892000,R25BK00731825
660,657.82,R25BK00731740
100000000,100816250,R25BK00722338
40000000,39447300,R25BK00720260
,,R25BK00733288
27725000,27611925,R25BK00732026
28534000,28207425,R25BK00729782
65200000,64225950,R25BK00731958
680,673.51,R25BK00727534
29832000,29928250,R25BK00732003
,,R25BK00733404
,,R25BK00731354
34530000,35052600,R25BK00729760
,,R25BK00729064
45000000,44746200,R25BK00729077
39020000,38633075,R25BK00730581
4411000,4414153.87,R25BK00730891
31641000,31865775,R25BK00730374
49916000,49651125,R25BK00729351
62800000,62552300,R25BK00716117
30360000,30068825,R25BK00730727
,,R25BK00733551
,,R25BK00729846
84298000,84169925,R25BK00730343
91000000,90374650,R25BK00721841
,,R25BK00729430
37200000,37457925,R25BK00731569
71960000,71888625,R25BK00729843
67675000,68940075,R25BK00730912
77894000,76907325,R25BK00726877
286000,284082.37,R25BK00731776
38357000,38491000,R25BK00729568
94850000,94463050,R25BK00731993
,,R25BK00730085
47740000,47850925,R25BK00731336
48767000,48886775,R25BK00731451
420000,423662.4,R25BK00731314
31500000,31666600,R25BK00730662
,,R25BK00727145
,,R25BK00731099
49401000,48809225,R25BK00728968
52129000,52419800,R25BK00728705
37442000,37152250,R25BK00726154
77500000,77517300,R25BK00729804
87709000,88203475,R25BK00730317
,,R25BK00728900
32150000,31890475,R25BK00731938
61294000,61144775,R25BK00731222
30844000,30925525,R25BK00729901
17278000,17398475,R25BK00728278
49544000,49295350,R25BK00731636
27852000,27275925,R25BK00729546
76800000,77007025,R25BK00729659
8459000,8470200,R25BK00724493
67153000,66319175,R25BK00727212
67218000,66804125,R25BK00724252
,,R25BK00731199
,,R25BK00727298
,,R25BK00729916
41580000,42326925,R25BK00727866
97000000,97191875,R25BK00726066
28180000,28223525,R25BK00729461
33880000,34000850,R25BK00731764
67546500,67278575,R25BK00730957
48100000,48079975,R25BK00720783
74510000,74353950,R25BK00730690
,,R25BK00721787
,,R25BK00730258
61941000,62007500,R25BK00730886
,,R25BK00732965
35000000,35200225,R25BK00729556
77474000,76907325,R25BK00731058
,,R25BK00732028
,,R25BK00729883
33000000,33286400,R25BK00730261
,,R25BK00730052
24178000,24235525,R25BK00731621
33470000,33500500,R25BK00729625
63954000,63648200,R25BK00729532
,,R25BK00730321
18030000,17957525,R25BK00720882
,,R25BK00731538
109620000,108845575,R25BK00732139
36887000,36483425,R25BK00733327
25780000,25558550,R25BK00727734
62680000,63215200,R25BK00729575
41210000,41002025,R25BK00731711
62623000,62486200,R25BK00731256
25780000,25628850,R25BK00730331
,138500000,R25BK00735661
,116910000,R25BK00735357
,,R25BK00681419
,65400000,R25BK00741480
,84575000,R25BK00738444
32796000,32777552.26,R25BK00718281
,,R25BK00687564
,137000000,R25BK00741232
,131320000,R25BK00740868
,344050000,R25BK00737744
,124740000,R25BK00737341
,156800000,R25BK00714570
,372300000,R25BK00735990
,283100000,R25BK00737686
,,R25BK00730392
67570000,67465850,R25BK00716671
,,R25BK00730914
,,R25BK00720044
300000000,302873250,R25BK00687996
,,R25BK00670745
,,R25BK00698721
,,R25BK00690642
,,R25BK00687104
,,R25BK00687788
,,R25BK00686793
,,R25BK00687951
,,R25BK00684324
,,R25BK00673130
,,R25BK00683752
,79000000,R25BK00741572
,189834000,R25BK00739751
,88200000,R25BK00742314
,5720000,R25BK00742899
,78400000,R25BK00739883
,15010000,R25BK00741470
,58227270,R25BK00740881
,78400000,R25BK00739898
,25630000,R25BK00737030
,58800000,R25BK00741213
,130000000,R25BK00737286
,100000000,R25BK00737131
,171390000,R25BK00730979
,11573620,R25BK00739354
757540000,756846900,R25BK00730226
,,R25BK00701101
,117600000,R25BK00740720
,210700000,R25BK00731758
,136400000,R25BK00736128
,264600000,R25BK00736759
,181000000,R25BK00731804
,210700000,R25BK00731826
115462428,115939600,R25BK00716995
52189000,51647075,R25BK00710914
,,R25BK00715367
,,R25BK00715621
,,R25BK00715585
,,R25BK00715524
,,R25BK00715633
,,R25BK00715598
,,R25BK00715407
,,R25BK00715640
,,R25BK00702133
,,R25BK00715558
,,R25BK00715643
,,R25BK00702101
,,R25BK00698422
,80300000,R25BK00741663
,54457000,R25BK00739819
,38553000,R25BK00739804
,529680000,R25BK00736898
,4828000,R25BK00742347
,49610000,R25BK00741540
,149501000,R25BK00740518
,3341085000,R25BK00742047
,3241177,R25BK00741860
,27693000,R25BK00739754
,54770000,R25BK00741328
,4658320,R25BK00742282
,54876113,R25BK00739902
,7991000,R25BK00743657
,,R25BK00740386
,19560000,R25BK00743097
,,R25BK00741829
,,R25BK00743092
,53900000,R25BK00741467
,90000000,R25BK00735222
,54820000,R25BK00741738
,98368806,R25BK00738203
,323950000,R25BK00735419
,59000000,R25BK00738087
,29383500,R25BK00742215
,50200000,R25BK00730971
,,R25BK00734747
54560000,54775150,R25BK00716131
,,R25BK00731926
69697000,69962075,R25BK00731265
,,R25BK00725195
69080000,67903625,R25BK00731439
,,R25BK00712841
69161000,70025725,R25BK00731353
50689000,50168000,R25BK00728697
80850000,80466225,R25BK00729444
,,R25BK00722846
130949000,130601375,R25BK00724741
129558580,128780625,R25BK00711628
29619960,29340350,R25BK00689283
,,R25BK00699897
,,R25BK00700601
,,R25BK00707898
,,R25BK00696677
,,R25BK00668821
,50000000,R25BK00740186
44928000,45044650,R25BK00724370
,,R25BK00729766
106290000,106192250,R25BK00727642
,,R25BK00742652
,147750000,R25BK00738070
396000000,396195075,R25BK00723027
,,R25BK00706412
,,R25BK00706353
,,R25BK00694407
,,R25BK00678894
,4165000000,R25BK00730718
366000000,363894625,R25BK00723064
61673800,61629450,R25BK00713808
148900000,149481875,R25BK00722283
199379000,199735925,R25BK00724566
441434216,441108700,R25BK00722427
224890000,224854650,R25BK00722325
,,R25BK00712633
,,R25BK00693820
,,R25BK00712557
,,R25BK00700787
,,R25BK00702107
,,R25BK00704658
,229950000,R25BK00709437
,,R25BK00699129
,,R25BK00643030
,7656000,R25BK00743254
,7854000,R25BK00743227
,7656000,R25BK00743383
,19899000,R25BK00740344
,463697700,R25BK00742291
,35333800,R25BK00742582
,21901000,R25BK00743177
,,R25BK00727607
,,R25BK00727035
,112585,R25BK00726232
40544,40848.29,R25BK00721396
,,R25BK00725382
22400000,22594050,R25BK00730049
34996000,35096225,R25BK00732330
42032350,41889400,R25BK00724356
9100,9010.31,R25BK00728561
41220000,40754175,R25BK00729550
27565000,27369600,R25BK00728712
9100,9087.36,R25BK00728542
,,R25BK00730067
72845000,72923725,R25BK00719860
64450000,64111075,R25BK00722737
9100,9010.54,R25BK00728567
9100,9151.56,R25BK00728584
,,R25BK00732063
30000000,30044100,R25BK00722274
9100,9053.01,R25BK00728555
36411000,36304725,R25BK00728845
91080000,91022225,R25BK00729806
5000000,4943375,R25BK00726088
9100,9073.84,R25BK00728578
,256566000,R25BK00743901
112173264,112114125,R25BK00722530
,99301000,R25BK00742304
,77300000,R25BK00739593
,6500000,R25BK00743970
,189570000,R25BK00740903
,692549000,R25BK00742001
,128700000,R25BK00736390
,127300000,R25BK00736016
102700000,103558100,R25BK00720936
,,R25BK00713997
43060100,43759850,R25BK00706729
,,R25BK00673785
,,R25BK00724295
,,R25BK00732551
,,R25BK00697577
,,R25BK00704515
,,R25BK00710112
,,R25BK00697955
,139963000,R25BK00708980
,,R25BK00709209
,,R25BK00685393
,,R25BK00638764
,1633544000,R25BK00742110
,104110000,R25BK00742396
,91000000,R25BK00743920
,98900000,R25BK00740653
,36500000,R25BK00738382
,4603654000,R25BK00743364
,100000000,R25BK00743910
,16049330,R25BK00744091
,46000000,R25BK00740367
,12408000,R25BK00744149
,8801000,R25BK00744116
,364171000,R25BK00744314
,8998990,R25BK00744378
,20285540,R25BK00744124
,8250000,R25BK00742571
,12408000,R25BK00744132
,9970000,R25BK00744035
,692520000,R25BK00744075
,97000000,R25BK00741229
,223089000,R25BK00744208
,250000000,R25BK00742343
,39627500,R25BK00743470
,70000000,R25BK00738236
,,R25BK00730316
,,R25BK00730480
100312300,101286900,R25BK00725895
99830000,99889175,R25BK00728913
90000000,88816950,R25BK00733724
,,R25BK00728676
50056000,50283825,R25BK00733314
53615110,53510725,R25BK00723822
43560000,43478900,R25BK00728849
,198700000,R25BK00742423
,12877040,R25BK00742636
,9801660,R25BK00742626
30000,29942.1,R25BK00734261
,898900000,R25BK00740065
52311000,52494925,R25BK00722745
90349490,90338475,R25BK00722957
109056000,110255675,R25BK00709791
,,R25BK00723916
,,R25BK00717271
,,R25BK00731401
,,R25BK00712984
,,R25BK00703830
,,R25BK00697889
,,R25BK00706527
,,R25BK00703541
,,R25BK00702374
,,R25BK00687629
,,R25BK00702118
,,R25BK00710667
,,R25BK00688675
,,R25BK00688567
,,R25BK00686491
,,R25BK00685741
,,R25BK00640846
,35158000,R25BK00743684
,163756000,R25BK00744718
,35640000,R25BK00744319
,98900000,R25BK00741183
,8050570,R25BK00744421
,11365970,R25BK00743811
,59413200,R25BK00743534
,990110000,R25BK00743575
,106590000,R25BK00742701
,300000000,R25BK00743590
,39000000,R25BK00743935
,76335767,R25BK00742908
,20290490,R25BK00744451
,8800000,R25BK00743080
41568000,41299366.81,R25BK00733323
,,R25BK00730117
,,R25BK00729747
87359270,87271950,R25BK00736749
49370000,49276600,R25BK00730870
32780000,32566750,R25BK00730446
30500000,30348450,R25BK00731028
,27054000,R25BK00744506
,68770000,R25BK00736105
,,R25BK00722068
,475000000,R25BK00735922
,,R25BK00715479
,,R25BK00722777
,,R25BK00700856
,,R25BK00703620
,,R25BK00684077
,,R25BK00708599
,,R25BK00686950
,,R25BK00695585
,,R25BK00685915
,,R25BK00685968
,,R25BK00686065
,,R25BK00641457
,11073000,R25BK00744418
,16456000,R25BK00744725
,35156000,R25BK00744608
,260000000,R25BK00743956
,204855000,R25BK00743673
,21692000,R25BK00744701
,50000000,R25BK00741202
,21692000,R25BK00744748
,70000000,R25BK00743519
,6083770,R25BK00744153
,495011000,R25BK00743730
,990220000,R25BK00743616
,28127000,R25BK00744329
,488400000,R25BK00743510
,,R25BK00734996
50000000,49673000,R25BK00702072
,,R25BK00685649
,594044000,R25BK00743774
,594231000,R25BK00743678
,32300000,R25BK00744848
,43200000,R25BK00744555
,,R25BK00731522
,,R25BK00712427
135871200,136665100,R25BK00716820
88532510,88647650,R25BK00721331
66000000,65474025,R25BK00714469
114532900,113576600,R25BK00697942
,,R25BK00704787
97193000,96264625,R25BK00693331
33368000,33483025,R25BK00670632
,,R25BK00709990
,,R25BK00687053
46410000,46337832.46,R25BK00733162
,,R25BK00734237
,,R25BK00687585
,,R25BK00714070
,,R25BK00670526
,,R25BK00714074
,,R25BK00704830
,,R25BK00707265
,,R25BK00688265
,,R25BK00688860
269500000,269346400,R25BK00723552
257640000,260463150,R25BK00721226
159600000,159180300,R25BK00718477
219520000,219211625,R25BK00733886
112940000,114412775,R25BK00700076
118300000,116902325,R25BK00716365
162489000,162621875,R25BK00697876
263500000,262312300,R25BK00707470
,,R25BK00711178
,,R25BK00713092
,,R25BK00714316
,,R25BK00710916
,,R25BK00707291
,,R25BK00708421
,,R25BK00700968
,,R25BK00706908
,,R25BK00700908
,,R25BK00688261
,,R25BK00686355
,,R25BK00691059
,,R25BK00675066
,,R25BK00708098
,,R25BK00704847
,,R25BK00708287
,,R25BK00698450
,,R25BK00699893
,,R25BK00707762
,,R25BK00710882
,,R25BK00697727
,,R25BK00708666
,,R25BK00704528
,,R25BK00683114
,,R25BK00688025
,,R25BK00689223
,,R25BK00692917
,,R25BK00696645
133887000,133171100,R25BK00727722
188377000,188074250,R25BK00725076
,,R25BK00733870
133887000,132792875,R25BK00727624
82290000,82207375,R25BK00735255
57000000,57305575,R25BK00728240
175337000,173215025,R25BK00728537
58100000,58131575,R25BK00735237
159126000,158238900,R25BK00733822
603350000,597760025,R25BK00731196
33095000,33193900,R25BK00727278
147389000,147477125,R25BK00733445
183687000,182651075,R25BK00728557
120225600,119792875,R25BK00728521
284800000,286986600,R25BK00728554
171423000,170680775,R25BK00733074
317194120,318371750,R25BK00732737
,,R25BK00735184
319751000,320573600,R25BK00719399
133500000,133669925,R25BK00727951
663700000,659153725,R25BK00734856
78984000,79353700,R25BK00735313
120430000,121002675,R25BK00725405
72670000,72482900,R25BK00735253
115706800,115001900,R25BK00727646
323760000,321654800,R25BK00726738
214470000,212835775,R25BK00731258
66680000,66889925,R25BK00735311
63420000,62905550,R25BK00735207
,,R25BK00733646
85536000,84925550,R25BK00725229
60500000,60706200,R25BK00725462
81310000,81972525,R25BK00735167
,,R25BK00733901
60686000,61151200,R25BK00730915
24054000,24000975,R25BK00715497
168877000,168290625,R25BK00733678
,,R25BK00722567
46960000,47493625,R25BK00728443
2015200000,2014358700,R25BK00724654
300000000,302267250,R25BK00727828
,,R25BK00732550
,,R25BK00735210
140195000,139063675,R25BK00734947
71790000,72031450,R25BK00735306
13941050,13953631.81,R25BK00731864
69360000,69270225,R25BK00735307
70000000,69874700,R25BK00711706
159540000,158853625,R25BK00725439
75000000,73625075,R25BK00727022
197666000,197405150,R25BK00730849
87724600,88107600,R25BK00711369
,135900000,R25BK00732694
,,R25BK00732828
55650000,56099425,R25BK00712762
101101200,100187800,R25BK00710238
,,R25BK00707384
207246000,209612275,R25BK00691998
140971150,140901075,R25BK00675632
,,R25BK00716450
,,R25BK00719140
,,R25BK00711740
,,R25BK00712916
,,R25BK00719280
,,R25BK00715050
,,R25BK00704662
,,R25BK00720598
38000000,38011700,R25BK00688321
,,R25BK00704685
,,R25BK00699401
,,R25BK00703099
,,R25BK00703000
,,R25BK00699188
,,R25BK00691393
,,R25BK00691047
,,R25BK00688985
,,R25BK00689602
,11748000,R25BK00745196
,59700000,R25BK00742812
,27136000,R25BK00746016
,103610000,R25BK00742083
,1588000000,R25BK00733253
,40000000,R25BK00734745
43916400,44142679.26,R25BK00733282
,,R25BK00726748
,,R25BK00735040
179508120,179624400,R25BK00727089
139290530,139751975,R25BK00735127
,,R25BK00728262
,,R25BK00739674
77000000,77365200,R25BK00725390
50000000,49895000,R25BK00724431
64680000,64528225,R25BK00735075
35409000,35295550,R25BK00733173
46625430,46988700,R25BK00733829
,,R25BK00732911
68443990,67100825,R25BK00734139
,,R25BK00726147
,,R25BK00733672
28840000,28461675,R25BK00730290
,,R25BK00734400
,,R25BK00734196
167083000,166801925,R25BK00725835
26130000,26171525,R25BK00734568
38232000,37724800,R25BK00734582
,,R25BK00729897
,,R25BK00734709
25970000,26105025,R25BK00732277
24508260,24519750,R25BK00735157
16800000,16697225,R25BK00729722
41010000,40674725,R25BK00738040
63837500,63874425,R25BK00735266
72907000,72957350,R25BK00733425
34800000,34672950,R25BK00733982
78750000,78393100,R25BK00734147
46900000,46617375,R25BK00735071
,,R25BK00733951
12612000,12489725,R25BK00729928
21350,21178.67,R25BK00732412
40810000,40793100,R25BK00735206
69998500,69618475,R25BK00732601
59895000,60636575,R25BK00733573
14573000,14592575,R25BK00732848
79500000,79320775,R25BK00733098
,,R25BK00733436
65934000,65638286.02,R25BK00731844
,,R25BK00733884
64438000,64232325,R25BK00732820
43809000,43011375,R25BK00732888
88781000,88721775,R25BK00722892
34647000,34508950,R25BK00734703
,,R25BK00733929
41052000,41247125,R25BK00733753
63837500,63732850,R25BK00735275
99312000,98732575,R25BK00734895
23800000,23655750,R25BK00730742
53238000,53231650,R25BK00726265
22840,22876.21,R25BK00732447
36619000,36923625,R25BK00732514
22030,21937.1,R25BK00732455
68767000,69780525,R25BK00732577
7150000,7055200,R25BK00733026
87714000,87526125,R25BK00722829
43701000,43776775,R25BK00734321
,,R25BK00734816
45470000,45207575,R25BK00728370
14091000,14038650,R25BK00729856
27600000,27772225,R25BK00723559
39336000,39177825,R25BK00715423
,,R25BK00734411
30170000,30081325,R25BK00733051
57893000,57991475,R25BK00734035
33750000,33661975,R25BK00733922
26200000,26223425,R25BK00730491
92319120,92506100,R25BK00733154
84887000,84954325,R25BK00722601
38279000,38222400,R25BK00735008
62722000,62896900,R25BK00732581
29540000,29546175,R25BK00734348
,,R25BK00732644
63217000,62476950,R25BK00732937
62314000,61546350,R25BK00733689
25400000,25317650,R25BK00733479
63837500,64151975,R25BK00735296
34146000,33938350,R25BK00735016
22400000,22676400,R25BK00734115
27914000,27905000,R25BK00735684
63837500,63722000,R25BK00735299
200000,200665.5,R25BK00734579
31680000,31655675,R25BK00733999
85514000,85721225,R25BK00722563
37774000,37725800,R25BK00730866
67721000,68030525,R25BK00735228
34422500,34160775,R25BK00733181
52690000,52655375,R25BK00733868
32020000,32053775,R25BK00735188
6552500,6574775,R25BK00733635
,,R25BK00731976
,,R25BK00733800
63600000,63228000,R25BK00733699
,,R25BK00734097
39600000,39063250,R25BK00734274
6490000,6456075,R25BK00733161
19717000,19742200,R25BK00732912
108669000,109445225,R25BK00732923
30619000,30624250,R25BK00734281
,,R25BK00734543
1250,1246.6,R25BK00733593
,,R25BK00733617
70000000,69328875,R25BK00733325
64929000,64595650,R25BK00732180
94900000,94382850,R25BK00733661
63837500,63293350,R25BK00735268
18118000,18110650,R25BK00732769
60000000,59182050,R25BK00732421
,,R25BK00734561
38834000,38355125,R25BK00735330
39424000,39121175,R25BK00733805
11110000,11048100,R25BK00701461
,491500000,R25BK00739631
,123545000,R25BK00737139
,21538000,R25BK00746226
,80000000,R25BK00739788
26040000,25749225,R25BK00732281
,,R25BK00687193
,247400000,R25BK00741053
,226600000,R25BK00744236
,699400,R25BK00737500
,117300000,R25BK00735018
,230000000,R25BK00744704
,210994000,R25BK00742806
,122900000,R25BK00741227
,48510000,R25BK00732955
,375000000,R25BK00737085
,,R25BK00724157
,,R25BK00732651
62400000,62739050,R25BK00729411
,,R25BK00725819
,,R25BK00734513
,,R25BK00719225
,,R25BK00728285
,,R25BK00718677
,,R25BK00719468
,,R25BK00683414
,44906400,R25BK00743311
,20564000,R25BK00744053
,21800000,R25BK00744742
,40000000,R25BK00744290
,29300000,R25BK00745185
,21915000,R25BK00744762
,39200000,R25BK00741974
,190000000,R25BK00746446
,54670000,R25BK00745059
,52939000,R25BK00745785
171900000,172080100,R25BK00698294
,,R25BK00734494
34335400,34437050,R25BK00732266
97410000,97117100,R25BK00728808
,21806235,R25BK00746015
,29400000,R25BK00744580
,45000000,R25BK00744611
,,R25BK00712267
231889000,231920325,R25BK00733137
,1300580,R25BK00743871
,196000000,R25BK00740362
,34000000,R25BK00727254
38500000,38110325,R25BK00733923
,,R25BK00726506
517600000,515992900,R25BK00726072
99778800,98460525,R25BK00734059
259700000,258855400,R25BK00725528
156088000,156435350,R25BK00733396
171130620,169704300,R25BK00734976
60000000,60187500,R25BK00726024
,,R25BK00720088
66965500,67289850,R25BK00709428
90953380,91397275,R25BK00704361
,,R25BK00720026
33256000,33238000,R25BK00702253
,,R25BK00711228
,,R25BK00710944
,,R25BK00709794
,,R25BK00711099
130000000,130002275,R25BK00709410
,,R25BK00666898
,389510000,R25BK00740470
,4014000,R25BK00745858
,100000000,R25BK00745165
,51131850,R25BK00745812
,50000000,R25BK00744466
,19980000,R25BK00744105
,18162100,R25BK00745994
,90000000,R25BK00745448
,63000000,R25BK00744036
,260000000,R25BK00746027
,149805910,R25BK00746313
,18000000,R25BK00744791
,86000000,R25BK00740883
,55000000,R25BK00742193
,6792323,R25BK00746139
,30000000,R25BK00742521
,5305000,R25BK00746728
,21600000,R25BK00745493
,13267000,R25BK00746748
,5888000,R25BK00746646
,50000000,R25BK00743042
,5850000,R25BK00746691
,39770000,R25BK00745911
73440000,73060131.61,R25BK00722169
,,R25BK00733729
55000000,55225275,R25BK00732892
,,R25BK00734717
41510000,41413625,R25BK00727694
73870000,73424425,R25BK00732411
24910000,25031775,R25BK00733511
26268000,26308200,R25BK00734695
,,R25BK00727731
818300,816957.99,R25BK00725200
2400,2415.96,R25BK00722124
250950000,251479575,R25BK00725729
65500000,64941825,R25BK00700649
,,R25BK00692714
99000000,99261175,R25BK00684053
196342740,194522725,R25BK00687378
,,R25BK00712333
,,R25BK00731007
,,R25BK00697096
,,R25BK00698159
198000000,198183200,R25BK00703884
,,R25BK00697712
,,R25BK00696505
,,R25BK00626566
,9772400,R25BK00744793
,5400878,R25BK00746149
,144966770,R25BK00745481
99920000,99282825,R25BK00733650
29955000,29815325,R25BK00730919
66187000,65255800,R25BK00735002
48807000,48687850,R25BK00735733
,294900000,R25BK00742032
,353615000,R25BK00741235
,,R25BK00666159
,100000000,R25BK00746381
410880000,409897025,R25BK00725980
,,R25BK00699024
,1037000000,R25BK00741437
,295500000,R25BK00737122
30866000,30581625,R25BK00726666
856569000,862554325,R25BK00724614
,,R25BK00733522
,,R25BK00716420
,,R25BK00714707
,,R25BK00716058
,,R25BK00709105
,,R25BK00686385
,38760000,R25BK00746092
,29106000,R25BK00744343
,79880000,R25BK00741634
,21882000,R25BK00746858
,196500000,R25BK00742471
,52000000,R25BK00744891
,314226964,R25BK00746499
,20000000,R25BK00745077
,19419000,R25BK00744392
,1682201200,R25BK00744996
,13640000,R25BK00742557
,70000000,R25BK00744592
,6600000,R25BK00746580
,17704000,R25BK00746163
,24984000,R25BK00737258
15730000,15736100,R25BK00733771
,,R25BK00732842
,,R25BK00727620
105710000,106309400,R25BK00739219
25410000,25031000,R25BK00730296
,,R25BK00723851
50990000,51612250,R25BK00718412
,,R25BK00722320
131000,129868.49,R25BK00733968
164520,164431.58,R25BK00722117
45630000,45188900,R25BK00734529
164520,164939.53,R25BK00722296
43620000,43569450,R25BK00733576
164520,163708.1,R25BK00722028
,,R25BK00734858
22500000,22735500,R25BK00731771
20000000,20121150,R25BK00734312
,,R25BK00726776
,417200000,R25BK00733287
,,R25BK00698229
,186065000,R25BK00746217
,79200000,R25BK00732668
,352000000,R25BK00738495
,295400000,R25BK00744299
,462010000,R25BK00738483
,628250000,R25BK00738553
473192000,469492875,R25BK00735245
66496960,67487300,R25BK00720078
34027800,33781925,R25BK00727126
,,R25BK00714291
,,R25BK00710403
,,R25BK00684100
,2971232000,R25BK00742081
,7561300,R25BK00746434
,15048000,R25BK00743361
,99904860,R25BK00744371
,47474350,R25BK00743423
,859160000,R25BK00745089
,100961530,R25BK00740655
,9521388,R25BK00745842
,43910240,R25BK00744671
,98000000,R25BK00745202
,27450000,R25BK00746814
,,R25BK00733190
,,R25BK00733531
98410000,97697800,R25BK00731526
89000000,88010125,R25BK00727513
380000,381653,R25BK00732385
29590000,29853475,R25BK00731072
16500000,16549825,R25BK00726517
,19833000,R25BK00746732
,180550000,R25BK00745225
,,R25BK00734207
,30000000,R25BK00746491
,595000000,R25BK00736207
800000000,791048000,R25BK00732405
142140000,142239900,R25BK00726791
,,R25BK00718740
,,R25BK00713377
,,R25BK00718990
,,R25BK00718798
,,R25BK00718851
,,R25BK00718812
,,R25BK00718557
,,R25BK00712221
,,R25BK00709060
,,R25BK00706576
,,R25BK00690835
,,R25BK00706376
,,R25BK00687237
,,R25BK00689692
,,R25BK00691740
,,R25BK00689648
,,R25BK00689332
,,R25BK00691040
,,R25BK00689088
,990000000,R25BK00677529
,,R25BK00678891
,,R25BK00640726
,170000000,R25BK00746366
,10000000,R25BK00747574
,30000000,R25BK00743709
,51500000,R25BK00747356
,11440000,R25BK00747406
,21890000,R25BK00747558
,31284000,R25BK00747729
,77413000,R25BK00747179
,400000000,R25BK00745504
,39200000,R25BK00732725
40800000,40649652.01,R25BK00734135
40000000,40139400.01,R25BK00737812
,437400000,R25BK00736241
,21090000,R25BK00746733
,22000000,R25BK00744783
,,R25BK00700091
,,R25BK00747734
,570000000,R25BK00735935
,,R25BK00714422
,,R25BK00718842
,,R25BK00707799
,,R25BK00707739
,,R25BK00707656
,,R25BK00671052
,,R25BK00688018
,,R25BK00708511
,,R25BK00707337
,,R25BK00709532
,,R25BK00684723
,,R25BK00692097
,,R25BK00691806
,,R25BK00689250
,,R25BK00692086
,93137440,R25BK00745079
,45400000,R25BK00747533
,64350000,R25BK00747568
,86000000,R25BK00743317
,88200000,R25BK00745219
,13119400,R25BK00746266
18500000,18604475,R25BK00718177
,,R25BK00728137
85732000,86225650,R25BK00734757
31700000,31638900,R25BK00734554
63555000,63671200,R25BK00734786
,,R25BK00689799
,,R25BK00721967
,,R25BK00718860
,3696550,R25BK00748216
,42000000,R25BK00748312
,14905000,R25BK00724880
,,R25BK00730366
,,R25BK00696203
36000000,36061380.01,R25BK00733865
,,R25BK00713564
78988330,78790700,R25BK00725194
99690000,99461250,R25BK00702872
363000000,366383225,R25BK00707628
,,R25BK00708968
,,R25BK00712640
208900000,208935075,R25BK00708094
,,R25BK00695144
,,R25BK00683496
,,R25BK00693678
,442350000,R25BK00737710
,,R25BK00729418
,,R25BK00690268
,171390000,R25BK00742482
,,R25BK00716448
,,R25BK00681473
,,R25BK00718426
,,R25BK00716470
,,R25BK00705598
,,R25BK00718136
,,R25BK00710289
,278180000,R25BK00736949
,,R25BK00697077
,,R25BK00695797
,,R25BK00689256
,,R25BK00716461
,,R25BK00717291
1034600000,1033821500,R25BK00722791
,,R25BK00725652
,,R25BK00716065
141085000,139624100,R25BK00723644
,,R25BK00716316
,,R25BK00718406
,,R25BK00711047
,,R25BK00717885
,,R25BK00714081
,,R25BK00718339
,,R25BK00716435
,,R25BK00714087
,,R25BK00716794
,,R25BK00712607
,,R25BK00712258
,,R25BK00707403
,,R25BK00709595
,,R25BK00708472
,,R25BK00700348
,,R25BK00708420
,,R25BK00701445
,,R25BK00699832
,,R25BK00700128
,,R25BK00704800
,,R25BK00686457
,,R25BK00681076
,,R25BK00692247
,,R25BK00681471
,,R25BK00695785
,,R25BK00690436
,,R25BK00700100
,,R25BK00707131
,,R25BK00707566
,,R25BK00702640
,,R25BK00707242
,,R25BK00681549
,,R25BK00686391
,,R25BK00682966
,,R25BK00690643
,,R25BK00689080
,,R25BK00680219
,,R25BK00672187
,,R25BK00690506
,,R25BK00692505
,,R25BK00681467
,,R25BK00689701
,,R25BK00693366
,,R25BK00655642
,,R25BK00710081
,155880000,R25BK00741999
1000000,994675,R25BK00739143
354860000,352598700,R25BK00731359
36720000,36866200,R25BK00729832
304000000,305513950,R25BK00725174
96930000,95818975,R25BK00733021
117700000,118473325,R25BK00734622
139400000,138444125,R25BK00731622
,,R25BK00734480
,,R25BK00726447
51685000,51650675,R25BK00717086
306042000,305465175,R25BK00724303
99060000,98489700,R25BK00716983
,,R25BK00730564
150000000,150601500,R25BK00733294
10996667,11060875,R25BK00729382
119449000,118042850,R25BK00731479
556369970,559791700,R25BK00731113
46100000,45545100,R25BK00696333
56900000,56854375,R25BK00731981
212707000,215889150,R25BK00713466
161051000,161390875,R25BK00731749
224100000,225136525,R25BK00730087
52042000,51875525,R25BK00733126
40800000,40664400,R25BK00729898
27954201,28020000,R25BK00729324
,,R25BK00730653
328488000,325233550,R25BK00721514
79878000,79904025,R25BK00730452
382107000,376864550,R25BK00731391
450769000,448656050,R25BK00732019
80578300,80193575,R25BK00729234
,,R25BK00730997
385372660,385547075,R25BK00729613
,,R25BK00731234
,,R25BK00731429
66900000,66833475,R25BK00730057
146100000,144708800,R25BK00729679
299400000,300082675,R25BK00731060
491527000,488247350,R25BK00731214
491527000,490454300,R25BK00731283
,,R25BK00730224
249300000,249940125,R25BK00731120
253385000,248532100,R25BK00730030
,,R25BK00730561
358000000,356598475,R25BK00731286
557064000,559030500,R25BK00731335
,,R25BK00730863
385710000,382708250,R25BK00730890
,,R25BK00719083
,,R25BK00714315
151470000,152189550,R25BK00719460
,,R25BK00698373
78988330,78270575,R25BK00725122
29614000,29519875,R25BK00700564
,,R25BK00706519
138248000,138023750,R25BK00702080
598680000,597481175,R25BK00705406
34310000,34447550,R25BK00688110
,,R25BK00716755
,,R25BK00718385
,,R25BK00718741
,,R25BK00720781
,,R25BK00716753
,,R25BK00717837
,,R25BK00716447
,,R25BK00716713
,,R25BK00718863
35000000,35444275,R25BK00716550
,,R25BK00731747
,,R25BK00720842
,,R25BK00720820
,,R25BK00720699
,,R25BK00719857
,,R25BK00718186
,,R25BK00718524
,,R25BK00717493
,,R25BK00718007
,,R25BK00719821
,,R25BK00716284
,,R25BK00717662
,,R25BK00721040
,,R25BK00718629
,,R25BK00718452
,,R25BK00718574
,,R25BK00716394
,,R25BK00718154
,,R25BK00718299
,,R25BK00717386
,,R25BK00717376
900000000,911155500,R25BK00720030
,,R25BK00715100
,,R25BK00719661
,,R25BK00716856
,,R25BK00718583
,,R25BK00716704
,,R25BK00719259
,,R25BK00716699
,,R25BK00720364
,188900000,R25BK00716761
,,R25BK00716413
,,R25BK00718716
,,R25BK00716446
,,R25BK00718297
,,R25BK00719593
,,R25BK00718381
,,R25BK00719160
,,R25BK00718469
,,R25BK00717346
,,R25BK00720854
,,R25BK00717181
,,R25BK00716656
,,R25BK00716536
,209616000,R25BK00717160
,,R25BK00720041
,,R25BK00724338
,,R25BK00718838
,,R25BK00719077
,,R25BK00720726
,,R25BK00716924
,,R25BK00718771
,,R25BK00716934
,69300000,R25BK00716563
,,R25BK00716575
,,R25BK00719737
,,R25BK00720182
,,R25BK00719074
80000000,79662600,R25BK00718697
,,R25BK00712330
,,R25BK00717143
,,R25BK00717079
,,R25BK00710928
,,R25BK00718878
,,R25BK00720585
,,R25BK00720297
,,R25BK00719771
,,R25BK00718783
,,R25BK00718057
,,R25BK00720754
,,R25BK00716428
,,R25BK00719285
,,R25BK00709820
,,R25BK00709139
,,R25BK00702342
,,R25BK00708851
,,R25BK00704775
,,R25BK00707911
,,R25BK00709067
,,R25BK00716650
,,R25BK00719518
,,R25BK00717062
,,R25BK00719979
,,R25BK00720385
,,R25BK00717640
,,R25BK00719954
,,R25BK00720326
,,R25BK00682332
,,R25BK00703279
,,R25BK00703214
